Mnemonic,ZoneNumber,FacilityMnemonic,Name,InOutType,Active,GLCode,StatsSection
1A,6,BA,***1ST FLOOR,I,False,,1
1WEST,6,BA,***1 WEST - BATHURST,I,False,,1
2EAST,6,BA,***2 EAST - BATHURST,I,False,,1
2WEST,6,BA,***2 WEST - BATHURST,I,False,,1
3A,1,GDH,3A-UNITE DE SOINS PROLONGES,I,True,,7
3B,1,GDH,3B-MERE ENFANT,I,True,102.712509000,1
3BC,1,GDH,3B CLINIQUE,O,True,102.712509000,0
3BP,1,GDH,3B PARENT/GARDIEN-PENSIONNAIRE,O,True,102.712509000,0
3BPOUP,1,GDH,3B POUPONNIERE,I,True,,9
3BTA,1,GDH,3B-TRAVAIL ACCOUCHEMENT,I,True,,1
3C,1,GDH,3C-MEDECINE GENERALE,I,True,102.712101030,1
3C09A,1,GDH,3C CHAMBRE 09 A (I),O,False,,0
3CC,1,GDH,3C CLINIQUE,O,False,,0
3CSP,1,GDH,3CSP-SOINS PALLIATIFS,I,False,,1
3D,1,GDH,3D-PEDIATRIE,I,True,,1
3DC,1,GDH,3D CLINIQUE,O,True,102.713507010,0
3DCCT,1,GDH,3D CLIN. CONS. TELEPHONIQUE,O,True,102.713507010,0
3DCPEDO,1,GDH,3DC PEDO-PSY,O,True,102.712701000,0
3DPEDOPSY,1,GDH,3D PEDOPSYCHIATRIE,I,True,,1
3E,1,GDH,3E-UNITE DE SOINS PROLONGES,I,True,,7
3F,1,GDH,3F-EVAL./READAPTATION/AVC,I,True,,7
3FSP,1,GDH,3FSP-SOINS PALLIATIFS,I,True,102.712801000,1
3WEST,6,BA,***3 WEST - BATHURST,I,False,,1
4A,1,GDH,4A-CHIR.GENERALE/GYN-ONCO/URO,I,True,,1
4B,1,GDH,4B-PSYCHIATRIE,I,True,,1
4BSC,1,GDH,PSYCHIATRIE SOINS-CONCENTRES,I,False,,1
4C,1,GDH,4C-MED GEN/INTERNE/TELEMETRIE,I,True,,1
4CSI,1,GDH,4CSI-SOINS INTERMEDIAIRES,I,False,,1
4D,1,GDH,4D ONCOLOGIE,I,True,,1
4DC,1,GDH,4D CLINIQUE,O,True,102.712106600,0
4E,1,GDH,4E-ORTHOPEDIE/ORL/PLASTIE,I,True,,1
4EAST,6,BA,***4 EAST - BATHURST,I,False,,1
4EGER,1,GDH,4EGER-GERIATRIE,I,False,102.712952000,1
4EPANDEMIE,1,GDH,4E PANDEMIE,O,False,,0
4ESP,1,GDH,4ESP-SOINS PALLIATIFS,I,False,102.712900000,1
4F,1,GDH,4F-NEPHROLOGIE,I,True,,1
4FPANDEMIE,1,GDH,4F PANDEMIE,O,False,,0
4WEST,6,BA,***4 WEST - BATHURST,I,False,,1
AANB,1,GDH,AMBULANCE AERIENNE DU N.-B.,D,True,,
AC,1,GDH,ANCIENS COMBATTANTS,I,False,,8
AC200,1,GDH,ANCIENS COMBATTANTS PHYSIQUES,I,True,,9
AC300,1,GDH,ANCIENS COMBATTANTS COGNITIFS,I,True,,9
AD,1,GDH,ADMINISTRATION,D,True,,
ADM,1,GDH,ADMISSION,D,True,,
ADM AJC,1,GDH,ADMISSION JOUR DE CHIRURGIE,I,True,,8
ADM AJCB,1,GDH,ADM AJCB,D,False,,
ADM UDC,1,GDH,ADM UNITE DEBORDEMENT CRITIQUE,I,True,,8
ADMCSC,1,GDH,ADMISSION AU CSC,I,False,,9
ADMPAN,1,GDH,ADMISSION PANDEMIE,I,False,,9
ADMUR,1,GDH,ADMISSION URGENCE,I,True,,8
ADMURE,1,GDH,ADMISSION URGENCE  EXAMEN,I,True,102.713100000,8
ADMURO,1,GDH,ADMISSION URGENCE  OBSERVATION,I,True,102.713100000,8
ADMURT,1,GDH,ADMISSION URGENCE  TRAUMA,I,True,102.713100000,8
ALBC,1,GDH,ALBERT COUNTY HOSP.,O,False,,9
AMBCARE,5,CRH,AMBULATORY CARE,I,False,,1
ARC,1,GDH,ARCHIVES MEDICALES,D,True,,
AU,1,GDH,AUTRES (ne pas(I)-informatique,O,True,,0
AUB,1,HON,AUBERGE,I,True,,1
AUBC,1,HON,AUBERGE CLINIQUE,O,True,,1
AUD,1,GDH,AUDIOLOGIE,O,True,102.714604000,2
BA1W,6,BA,***1 WEST,I,False,,1
BA1WEST,6,BA,***1 WEST - RM: 101-113,O,False,,
BA2E,6,BA,***2 EAST,I,False,,1
BA2EAST,6,BA,***2 EAST (PEDS)-RM:220-239,O,False,,
BA2W,6,BA,***2 WEST,I,False,,1
BA2WEST,6,BA,***2 WEST-RM:201-218,O,False,,
BA3E,6,BA,***3 EAST,I,False,,1
BA3EAST,6,BA,***3 EAST-RM:318-335,O,False,,
BA3S,6,BA,***SHORT STAY - RM: 318-335,O,False,,
BA3SS,6,BA,***BATHURST - SHORT STAY UNIT,I,False,,1
BA3W,6,BA,***3 WEST,I,False,,1
BA3WEST,6,BA,***3 WEST-RM:301-316,I,False,,1
BA4E,6,BA,***4 EAST,I,False,,1
BA4EAST,6,BA,"***4 EAST-RM:415,421-435",O,False,,
BA4P,6,BA,***PALIATIVE CARE-RM:416-420,O,False,,
BA4PA,6,BA,***BATHURST - PALIATIVE CARE,I,False,,1
BA4W,6,BA,***4 WEST,I,False,,1
BA4WEST,6,BA,***4 WEST-RM:401-414,O,False,,
BABM,6,BA,***BRUNSWICK MINING,O,False,,
BACAMP,6,BA,***CAMPBELLTON SPECIMENS,O,False,,
BACARD,6,BA,***BATHURST CARDIOLOGY,D,False,,
BACSPV,6,BA,***CENTRE DE SANTE PV,O,False,,
BAD2,6,BA,***DAY SURGERY 2 EAST,O,False,,
BAD2E,6,BA,***BATHURST - DAY SURGERY 2 E,I,False,,1
BAD3,6,BA,***DAY SURGERY 3 EAST,O,False,,
BAD3E,6,BA,***BATHURST - DAY SURGERY 3 E,I,False,,1
BADADMCRH,6,BA,DEPT. OF ADMINISTRATION (CHR),D,True,,
BADADMHA,6,BA,DEPT. OF ADMINISTRATION (H.A.),D,True,,
BADAL,6,BA,***DALHOUSIE SPECIMENS,O,False,,
BADAMB,6,BA,DEPT. OF AMBULATORY CARE,D,True,,
BADAMBULAN,6,BA,DEPT. OF AMBULANCE,D,True,,
BADAP,6,BA,DEPT. OF ACCOUNT PAYABLE,D,True,,
BADAR,6,BA,DEPT. OF ACCOUNT RECEIVABLE,D,True,,
BADAUDIO,6,BA,DEPT. OF AUDIOLOGY,D,True,,
BADBIOMED,6,BA,DEPT. OF BIOMEDICAL,D,True,,
BADCARD,6,BA,***CARDIOLOGY DEPARTMENT,D,False,,
BADCLFAMP,6,BA,DEPT. OF CLIN. FAMILY PLANNING,D,True,,
BADCLPV,6,BA,DEPT. OF CLINIC POINTE VERTE,D,True,,
BADCOMM,6,BA,DEPT. OF COMMUNICATION/TRANSL.,D,True,,
BADCONST,6,BA,DEPT. OF CONSTRUCTION,D,True,,
BADCS,6,BA,***DEPT. OF COMPUTER SERVICES,D,False,,
BADCSR,6,BA,DEPT. OF CENTRAL SERVICE,D,True,,
BADDETOX,6,BA,DEPT. OF DETOX,D,True,,
BADDIAL,6,BA,DEPT. OF DIALYSIS,D,True,,
BADDIET,6,BA,DEPT. OF DIETARY,D,True,,
BADDISP,6,BA,DEPT. OF DISPATCH,D,True,,
BADDS,6,BA,DEPT. OF DAY SURGERY,D,True,,
BADECH,6,BA,***FREDERICTON SPECIMENS,O,False,,
BADEL,6,BA,***BATHURST - LABOUR & DEL,I,False,,1
BADELEC,6,BA,DEPT. OF ELECTRODIAGNOSTIC,D,True,,
BADELIV,6,BA,***DELIVERY-ROOM:133-136,O,False,,
BADEM,6,BA,DEPT. OF EMERGENCY MEASURES,D,True,,
BADEMG,6,BA,DEPT. OF EMERGENCY,D,True,,
BADEMP,6,BA,DEPT. OF EXTRA MURAL,D,True,,
BADERGO,6,BA,DEPT. OF ERGOTHERAPY,D,True,,
BADFINANCE,6,BA,DEPT. OF FINANCE,D,True,,
BADFOUND,6,BA,DEPT. OF FOUNDATION,D,True,,
BADGRASP,6,BA,***DEPT. OF GRASP,D,False,,
BADGS,6,BA,DEPT. OF GIFT SHOP,D,True,,
BADHAIR,6,BA,DEPT. OF HAIRDRESSER,D,True,,
BADHEALTH,6,BA,DEPT. OF HEALTH FOR STAFF,D,True,,
BADHR,6,BA,DEPT. OF HUMAN RESOURCES,D,True,,
BADHSK,6,BA,DEPT. OF HOUSEKEEPING,D,True,,
BADIA,6,BA,***BATHURST - DIALYSIS,I,False,,1
BADIAL,6,BA,***DIALYSIS-RM:99DIA,O,False,,
BADIC,6,BA,DEPT. OF INFECTION CONTROL,D,True,,
BADIET,6,BA,***BATHURST DIETARY,D,False,,
BADIM,6,BA,***DEPT. OF INFORMATION MGT,D,False,,
BADIMG,6,BA,DEPT. OF MEDICAL IMAGING,D,True,,
BADINFDESK,6,BA,DEPT. OF INFORMATION DESK,D,True,,
BADIS,6,BA,DEPT. OF INFORMATION SERVICES,D,True,,
BADLAB,6,BA,DEPT. OF LABORATORY,D,True,,
BADLAUNDRY,6,BA,DEPT. OF LAUNDRY,D,True,,
BADLIB,6,BA,DEPT. OF LIBRARY,D,True,,
BADMAINT,6,BA,DEPT. OF MAINTENANCE,D,True,,
BADMATMGT,6,BA,DEPT. OF MATERIAL MGT (MM),D,True,,
BADMIS,6,BA,DEPT. OF MIS,D,True,,
BADMISC,6,BA,DEPT. OF MISCELLANEOUS,D,True,,
BADMR,6,BA,DEPT. OF MEDICAL RECORDS,D,True,,
BADMRMICRO,6,BA,DEPT. OF MEDICAL REC. (MICRO),D,True,,
BADMRTRANS,6,BA,DEPT. OF MEDICAL REC. (TRANS),D,True,,
BADNURADM,6,BA,DEPT. OF NURS. ADMINISTRATION,D,True,,
BADOBS,6,BA,DEPT. OF OBS CLINIC,D,True,,
BADONCO,6,BA,DEPT. OF ONCOLOGY,D,True,,
BADOR,6,BA,DEPT. OF OPERATING ROOM,D,True,,
BADOT,6,BA,DEPT. OF OCCUPATIONAL THERAPY,D,True,,
BADPASTORA,6,BA,DEPT. OF PASTORAL,D,True,,
BADPAYROLL,6,BA,DEPT. OF PAYROLL,D,True,,
BADPHARM,6,BA,DEPT. OF PHARMACY,D,True,,
BADPHLE,6,BA,***DEPT. OF PHLEBOTOMY,D,False,,
BADPHYSIO,6,BA,DEPT. OF PHYSIOTHERAPY,D,True,,
BADPLANI,6,BA,DEPT. OF PLANIFICATION,D,True,,
BADPLANTOP,6,BA,DEPT. OF PLANT OPERATION,D,True,,
BADPRINT,6,BA,DEPT. OF PRINTING,D,True,,
BADPSYCHI,6,BA,DEPT. OF PSYCHIATRIST,D,True,,
BADPSYCHO,6,BA,DEPT. OF PSYCHOLOGY,D,True,,
BADPTRE,6,BA,DEPT. OF PATIENT RECEPTION,D,True,,
BADPUBREL,6,BA,DEPT. OF PUBLIC RELATION,D,True,,
BADPURCH,6,BA,DEPT. OF PURCHASING,D,True,,
BADQA,6,BA,DEPT. OF QUALITY ASSURANCE,D,True,,
BADRESEARC,6,BA,DEPT. OF RESEARCH DEVELOPMENT,D,True,,
BADRESP,6,BA,DEPT. OF RESPIRATORY,D,True,,
BADRHAA,6,BA,DEPT. OF REG. HEALTH AUTHORITY,D,True,,
BADRR,6,BA,***DEPT. OF RECOVERY ROOM,D,False,,
BADSAFETY,6,BA,DEPT. OF SAFETY,D,True,,
BADSECURIT,6,BA,DEPT. OF SECURITY,D,True,,
BADSPELP,6,BA,DEPT. OF SPEECH ELP,D,True,,
BADSPLP,6,BA,DEPT. OF SPEECH LANG.PATHOLOGY,D,True,,
BADSTAFFED,6,BA,DEPT. OF STAFF EDUCATION,D,True,,
BADSTORE,6,BA,DEPT. OF STORE,D,True,,
BADSW,6,BA,DEPT. OF SOCIAL WORK,D,True,,
BADVOL,6,BA,DEPT. OF VOLUNTEERS,D,True,,
BAEMG,6,BA,***BATHURST - EMERGENCY UNIT,I,False,,1
BAEMGIP,6,BA,***EMERGENCY ADMITTED,O,False,,
BAEMP,6,BA,***EXTRA MURAL,O,False,,
BAER,6,BA,***EMERGENCY VISIT,O,False,,
BAFAX,6,BA,***FAX REPORT,O,False,,
BAFNDL,6,BA,***FOYER NOTRE DAME DE LOURDES,O,False,,
BAGDH,6,BA,***GEORGES DUMONT SPECIMENS,O,False,,
BAI1W,6,BA,BA. 1 WEST (POST PARTUM),I,True,01.712502000,6
BAI1WCC,6,BA,BA. 1 WEST (COMBINE CARE),I,True,,9
BAI2E,6,BA,BA. 2 EAST (PEDS),I,True,01.712701000,5
BAI2EDOSA,6,BA,***BA. DAY OF SURGERY ADM. (2E,I,False,,9
BAI2EOF,6,BA,BA. 2 EAST (PEDS) OVERFLOW,I,False,,0
BAI2ESURG,6,BA,BA. 2 EAST SURGICAL UNIT,I,False,,1
BAI2W,6,BA,BA. 2 WEST,I,True,,1
BAI2WOF,6,BA,BA. 2 WEST OVERFLOW,I,False,,0
BAI3E,6,BA,***BA. 3 EAST,I,False,,2
BAI3EDOSA,6,BA,***BA. DAY OF SURGERY ADM. (3E,I,False,,9
BAI3ELT,6,BA,***BA. 3 EAST LONG TERM,I,False,,1
BAI3W,6,BA,BA. 3 WEST,I,True,01.712200020,2
BAI3WOF,6,BA,BA. 3 WEST OF,I,True,,2
BAI4E,6,BA,BA. 4 EAST,I,True,,1
BAI4EOF,6,BA,BA. 4 EAST OVERFLOW,I,False,,9
BAI4PA,6,BA,BA. PALIATIVE CARE,I,True,,1
BAI4W,6,BA,BA. 4 WEST EXTENDED CARE,I,True,,1
BAIAMB,6,BA,BA.AMBULATORY CARE (INPATIENT),I,False,,6
BAIAMBOBS,6,BA,BA.AMBULATORY CARE OBSERVATION,I,False,,9
BAIDIA,6,BA,***DIALYSIS,I,False,,1
BAIDOSA,6,BA,BA. DAY OF SURGERY ADM (SURG),I,True,,9
BAIDS2,6,BA,***DAY SURGERY - 2 EAST,I,False,,1
BAIDS3,6,BA,***DAY SURGERY - 3 EAST,I,False,,1
BAIDU,6,BA,***DIALYSIS UNIT,I,False,,1
BAIEMG,6,BA,BA. EMERGENCY INPATIENTS,I,True,01.713102000,9
BAIEROBS,6,BA,BA. EMERGENCY OBS. UNIT,I,True,,9
BAIICU,6,BA,***BA. INTENSIVE CARE UNIT,I,False,,8
BAIICU1,6,BA,***BA. ICU 1 (SICU TEMPORARY),I,False,,8
BAIICU2,6,BA,***BA. ICU 2 (ROOM 212 TEMP),I,False,,8
BAILD,6,BA,BA. LABOUR & DELIVERY,I,True,01.712502000,9
BAILDU,6,BA,***LABOUR & DELIVERY UNIT,I,False,,1
BAIM,6,BA,***BATHURST IMAGING,O,False,,
BAIMG,6,BA,***BATHURST IMAGING,D,False,,
BAIMIC,6,BA,BA. INTENSIVE CARE,I,True,,8
BAINSY,6,BA,***BA. NURSERY,I,False,,9
BAINUR,6,BA,***NURSERY,I,False,,1
BAIOUT,6,BA,***OUTPATIENT FOR INPATIENTS,I,False,,1
BAIPAN,6,BA,BA. PANDEMIC,I,False,,6
BAIPSY,6,BA,BA. PSYCHIATRY,I,True,01.712750000,7
BAIPSYPED,6,BA,BA. PSYCHIATRY PED,I,True,01.712750000,7
BAIRESUNIT,6,BA,BA. RESIDENTIAL UNIT,I,False,01.712958000,0
BAIRRICU,6,BA,BA RECOVERY ROOM INTENSIV CARE,I,False,,9
BAISCN,6,BA,BA. SPECIAL CARE NURSERY,I,True,,9
BAISDU,6,BA,BA. STEP DOWN UNIT (COVID),I,False,,0
BAISIC,6,BA,***BA. SURGICAL INTENSIVE CARE,I,False,,8
BAISS,6,BA,***SHORT STAY,I,False,,1
BAISSU,6,BA,***SHORT STAY UNIT,I,False,,1
BAISTC,6,BA,BA. SHORT TERM CARE (SURG),I,True,,9
BALAB,6,BA,***LABORATORY,O,False,,
BAMENTAL,6,BA,***CENTRE DE SANTE MENTALE,O,False,,
BAMIC,6,BA,***MICU - RM:174-185,O,False,,
BAMICU,6,BA,***BATHURST - MICU,I,False,,1
BAMIR,6,BA,***MIRAMICHI SPECIMENS,O,False,,
BAMP,6,BA,***MAISON PROVINCIALE,O,False,,
BANM,6,BA,***NUCLEAR MEDICINE,O,False,,
BANSY,6,BA,***BATHURST - NURSERY,I,False,,1
BANSYIP,6,BA,***NURSERY,O,False,,
BANUNS,6,BA,***MAISON PROVINCIALE,O,False,,
BAOAM,6,BA,BA. AMBULATORY CARE (OPD),O,True,01.713500000,
BAOAUD,6,BA,BA. AUDIOLOGY,O,True,01.714604000,
BAOAUDCI,6,BA,BA. AUDIOLOGY COCHLEAR IMPLANT,O,True,01.714604000,
BAOAUDCICT,6,BA,BA. AUDIOLOGY COCHL.IMP TEL CO,O,True,01.714604000,
BAOAUDCIVV,6,BA,BA. AUDIOLOGY COCHL.IMP VIRT V,O,True,01.714604000,
BAOAUDCT,6,BA,BA. AUDIOLOGY TELEPHONE CONT.,O,True,01.714604000,
BAOAUDVV,6,BA,BA. AUDIOLOGY VIRTUAL VISIT,O,True,01.714604000,
BAOBS,6,BA,BA. BREAST SCREENING,O,True,01.714152030,
BAOBSCLIN,6,BA,***OBS CLINIC,O,False,,
BAOCC,6,BA,***OCCUPATIONAL HEALTH SERVICE,O,False,,
BAOCCPD,6,BA,BA. CLI.COLONO. PROG.DEPISTAGE,O,True,01.713500000,
BAOCHEMO,6,BA,BA. CLINIC CHEMOTHERAPY (ONCO),O,True,01.713406600,
BAOCHEMOCT,6,BA,BA. CL.CHEMOTHERAPY TEL.CONT.,O,True,01.713406600,
BAOCLBAR,6,BA,BA. CLINIC BARIATRIC,O,True,01.713500000,
BAOCLBH,6,BA,BA. CLINIC BREAST HEALTH,O,True,01.713501530,
BAOCLCARCT,6,BA,BA. CL CARDIAC REHAB TEL.CONT.,O,True,01.713502000,
BAOCLCAREB,6,BA,BA. CL CARDIAC/HEART FAILURE,O,True,01.713502000,
BAOCLCARP,6,BA,BA.CLI CARDIAC REHAB PULMONARY,O,True,01.713502000,
BAOCLCYSTO,6,BA,BA. CLINIC CYSTOLOGY,O,True,01.713501565,
BAOCLDERMA,6,BA,BA. CLINIC DERMATOLOGY,O,True,01.713501040,
BAOCLDIAB,6,BA,BA. CLINIC DIABETES,O,True,01.713504020,
BAOCLDIAD,6,BA,***BA. CLINIC DIABETES DIETICI,O,False,,
BAOCLDIAVV,6,BA,BA. CLINIC DIABETES VIS.VIRT.,O,True,01.713504020,
BAOCLENT,6,BA,"BA. CLINIC EAR,NOSE,THROAT",O,True,01.713500000,
BAOCLFAMP,6,BA,BA. CLINIC FAMILY PLANNING,O,True,01.713503560,
BAOCLGASTR,6,BA,BA. CLINIC GASTROENTEROLOGY,O,True,01.713501050,
BAOCLGERI,6,BA,BA. CLINIC GERIATRIC,O,True,01.713500000,
BAOCLGYN,6,BA,BA. CLINIC GYNAECOLOGY,O,True,01.713503500,
BAOCLIN,6,BA,BA. CLINIC OUT PATIENT,O,True,01.713500000,
BAOCLKINCT,6,BA,BA.CLIN.KINESIOLOGY.TEL.CONT.,O,True,01.712051035,
BAOCLKINE,6,BA,BA.CLIN.KINESIOLOGY,O,True,01.712051035,
BAOCLMAXIF,6,BA,BA. CLINIC MAXILO FACIAL,O,True,01.713500000,
BAOCLMDC,6,BA,BA. CLINIC MEDICAL DAY CARE,O,True,01.713402000,
BAOCLNEPCT,6,BA,BA CLIN NEPHROLOGY TEL.CONS.,O,True,01.713408500,
BAOCLNEPHR,6,BA,BA. CLINIC NEPHROLOGY,O,True,01.713408500,
BAOCLNEU,6,BA,BA.CLINIC NEUROLOGY,O,True,01.713502530,
BAOCLNEUCT,6,BA,BA.CL.NEUROLOGY TEL.CONT.,O,True,01.713502530,
BAOCLNRSV,6,BA,BA. CLINIC NURSERY RSV,O,True,01.713505000,
BAOCLONCCT,6,BA,BA. CLINIC ONCOLOGY TEL.CONT.,O,True,01.713406600,
BAOCLONCO,6,BA,BA. CL ONCOLOGY (AMBULATORY),O,True,01.713406600,
BAOCLOPTH,6,BA,BA. CLINIC OPTHALMOLOGY,O,True,01.713506000,
BAOCLORTHO,6,BA,BA. CLINIC ORTHOPEDIC,O,True,01.713506500,
BAOCLPAICT,6,BA,BA.CLINIC PAIN TEL.CONT.,O,True,01.713501075,
BAOCLPAIN,6,BA,BA.CLINIC PAIN,O,True,01.713501075,
BAOCLPAIVV,6,BA,BA.CLINIC PAIN VIRT.VISIT,O,True,01.713501075,
BAOCLPEDS,6,BA,BA. CLINIC PEDIATRICS (2 EAST),O,True,01.713507000,
BAOCLPLAS,6,BA,BA. CLINIC PLASTIC,O,True,01.713507500,
BAOCLPOD,6,BA,BA. CLINIC PODIATRY/PODOLOGIE,O,True,01.713500000,
BAOCLPOSTN,6,BA,BA. CLINIC POSTNATAL,O,True,01.713505080,
BAOCLPV,6,BA,BA. CLINIC POINTE VERTE,O,True,01.713501020,
BAOCLPVCT,6,BA,BA. CLINIC POINTE VERTE TEL.CO,O,True,01.713501020,
BAOCLPVVV,6,BA,BA. CLIN.POINTE VERTE VIRT.VIS,O,True,01.713501020,
BAOCLRESP,6,BA,BA. CLINIC RESPIRATORY -BRONCO,O,True,01.713501085,
BAOCLRHE,6,BA,BA. CLINIC RHEUMATOLOGY,O,True,01.713501060,
BAOCLRHECT,6,BA,BA.CL.RHEUMATOLOGY TEL.CONT.,O,True,01.713501060,
BAOCLRHETH,6,BA,BA.CL. RHEUMATOLOGY TELEHEALTH,O,True,01.713501060,
BAOCLSD,6,BA,BA.CATARACT OFF SITE CLINIC,O,True,,
BAOCLTRACT,6,BA,BA. CLINIC TRANSPLANT TEL.CONS,O,True,01.713408500,
BAOCLTRANP,6,BA,BA. CLINIC TRANSPLANT,O,True,01.713408500,
BAOCLURO,6,BA,BA. CLINIC UROLOGY,O,True,01.713501560,
BAOCLVASC,6,BA,BA. CLINIC VASCULAR,O,True,01.713500000,
BAOCLWOUND,6,BA,BA. CLINIC WOUND CARE,O,True,01.713501035,
BAOCODIACT,6,BA,BA. COMMUNITY DIABETIC CON.TEL,O,True,00.715092000,
BAOCODIAVV,6,BA,BA. COMMUNITY DIABETIC VIS.VIR,O,True,00.715092000,
BAOCOMDIAB,6,BA,BA. COMMUNITY DIABETIC,O,True,00.715092000,
BAOCOMDIE,6,BA,BA. COMMUNITY DIETITIAN,O,True,01.714450000,
BAOCOMNEUR,6,BA,BA. COMMUNITY NEUROLOGY,O,True,01.713502530,
BAOCOMPPHY,6,BA,BA. COMMUNITY PEDIATRIC PHYSIO,O,True,01.714500000,
BAOCOMRES,6,BA,BA. COMMUNITY RESPIRATORY,O,True,01.714350000,
BAOCPVIP,6,BA,BA. CLINIC IP POINTE VERTE,O,True,01.713501020,
BAOCPVIPCT,6,BA,BA. CLI.IP POINTE VERTE TEL.CO,O,True,01.713501020,
BAOCT,6,BA,BA. CT SCAN,O,True,01.714152500,
BAODCCC,6,BA,BA. DAY CARE COMBINE CARE,O,True,01.713402000,
BAODCNSY,6,BA,BA. DAY CARE NURSERY,O,True,01.713402000,
BAODCOBS,6,BA,BA. DAY CARE OBSTETRICS,O,True,01.713402000,
BAODCPEDS,6,BA,BA. DAY CARE PEDIATRICS,O,True,01.713402000,
BAODIA,6,BA,BA. DIALYSIS,O,True,01.713408500,
BAODIACT,6,BA,BA DIALYSIS TEL.CONS.,O,True,01.713408500,
BAODIAPERI,6,BA,BA. DIALYSIS (PERITONEAL),O,True,01.713408500,
BAODIET,6,BA,BA. DIETARY,O,True,01.714450000,
BAODIETCT,6,BA,BA. DIETARY TEL.CONTACT,O,True,01.714450000,
BAODIETVV,6,BA,BA. DIETARY VIRTUAL VISIT,O,True,01.714450000,
BAODS,6,BA,BA. DAY SURGERY,O,True,01.713402000,
BAODSSTC,6,BA,BA. SHORT TERM CARE SURGERY,O,True,01.712200020,
BAOECG,6,BA,BA. ELECTROCARDIOGRAM,O,True,01.714302090,
BAOECHO,6,BA,BA. ECHOCARDIOLOGY,O,True,01.714302020,
BAOECT,6,BA,BA. ELECTROCONVULSIVE THERAPY,O,True,01.714251000,
BAOEEG,6,BA,BA. ELECTROENCEPHALOGRAM,O,True,01.714251000,
BAOELE,6,BA,***ELECTRODIAGNOSIS,O,False,,
BAOER,6,BA,BA. EMERGENCY,O,True,01.713102000,
BAOERGO,6,BA,BA. ERGOTHERAPY,O,True,01.714552000,
BAOERGOCT,6,BA,BA. ERGOTHERAPY TEL. CONT.,O,True,01.714552000,
BAOERGOVV,6,BA,BA. ERGOTHERAPY VIRTUAL VISIT,O,True,01.714552000,
BAOEROBS,6,BA,***EMERGENCY OBSERVATION UNIT,O,False,,
BAOHHEMO,6,BA,BA. HOME HEMODIALYSIS,O,True,01.713408510,
BAOHHEMOCT,6,BA,BA. HOME HEMODIALYSIS TEL.CONS,O,True,01.713408510,
BAOLITHO,6,BA,BA. LITHOTRIPSY,O,True,01.712201000,
BAOLOA,6,BA,BA. TEMPORARY LOCATED TO HOME,O,True,,
BAOMORGUE,6,BA,BA.MORGUE,O,True,01.711800000,
BAOMOT,6,BA,BA. CLINIQUE MOTIVACTION,O,True,,
BAOMRI,6,BA,BA. MAGNETIC RESONANCE IMAGING,O,True,01.714157000,
BAONM,6,BA,BA. NUCLEAR MEDICINE,O,True,01.714154000,
BAOOBS,6,BA,BA. OBS CLINIC,O,True,01.713505000,
BAOOHS,6,BA,***OCCUPATIONAL HEALTH SERVICE,O,False,,
BAOONNAV,6,BA,BA. ONCO RN NAV,O,True,01.713406600,
BAOONNAVCT,6,BA,BA. ONCO RN NAV TEL.CONT.,O,True,01.713406600,
BAOOR,6,BA,BA. SURGICAL SUITE,O,True,01.712602000,
BAOP,6,BA,***OUT-PATIENT VISIT,O,False,,
BAOPAN,6,BA,BA. PANDEMIC,O,True,01.713500000,
BAOPDIABCT,6,BA,BA. DIABETES CLINIC TEL. CONT.,O,True,01.713504020,
BAOPHLE,6,BA,BA. PHLEBOTOMY,O,True,01.714108000,
BAOPHONI,6,BA,BA. ORTHOPHONY,O,True,01.714602000,
BAOPHONICT,6,BA,BA. ORTHOPHONY TEL. CONT.,O,True,01.714602000,
BAOPHONIVV,6,BA,BA. ORTHOPHONY VIRTUAL VISIT,O,True,01.714602000,
BAOPHYPCC,6,BA,ERREUR,O,False,,
BAOPHYPCCT,6,BA,BA. PHYSIO PED COM. TEL.CONT.,O,True,01.714500000,
BAOPHYPCVV,6,BA,BA. PHYSIO PED COM. VIRT.VIS.,O,True,01.714500000,
BAOPHYPEDC,6,BA,BA. PHYSIO PEDIATRIC COMMUNITY,O,True,01.714500000,
BAOPHYSICT,6,BA,BA. PHYSIOTHERAPY TEL.CONT.,O,True,01.714500000,
BAOPHYSIO,6,BA,BA. PHYSIOTHERAPY,O,True,01.714500000,
BAOPHYSIVV,6,BA,BA. PHYSIOTHERAPY VIRTUAL VISI,O,True,01.714500000,
BAOPMAKER,6,BA,BA. CLINIC PACEMAKER,O,True,01.714302090,
BAOPREAD,6,BA,BA. PRE OP TEACHING,O,True,01.713501545,
BAOPREADTC,6,BA,BA. PRE OP TEACHING-PHONE CALL,O,True,01.713501545,
BAOPRGPS,6,BA,BA. PROG GESTION PERS. SVC,O,True,01.715800015,
BAOPRGPSAD,6,BA,BA.PRG GESTION PERS. ADM,O,True,01.715800015,
BAOPRGPSCT,6,BA,BA.PROG GESTION PERS.SVC C.TEL,O,True,01.715800015,
BAOPRMAD,6,BA,BA. PRG MAINTIEN DOMICILE COMM,O,True,01.715800010,
BAOPRMADCT,6,BA,BA. PRG MAINTIEN DOM CONS TEL,O,True,01.715800010,
BAOPRPEU,6,BA,BA.PROGRAMME POINT ENTREE UNIQ,O,True,01.715800030,
BAOPRPEUAH,6,BA,BA. PROG.P.E.U. AT HOME,O,True,01.715800030,
BAOPRPEUCT,6,BA,BA. PROG.P.E.U. TEL.CONT.,O,True,01.715800030,
BAOPRPEUVV,6,BA,BA.PROG.P.E.U. VIRT.VIS.,O,True,01.715800030,
BAOPSY,6,BA,BA. PSYCHIATRY,O,True,01.714752000,
BAOPSYCHCT,6,BA,BA. PSYCHOLOGY TEL.CONT.,O,True,01.714752000,
BAOPSYCHO,6,BA,BA. PSYCHOLOGY,O,True,01.714752000,
BAOPSYCHVV,6,BA,BA. PSYCHOLOGY VIRTUAL VISIT,O,True,01.714752000,
BAOR,6,BA,***OPERATING ROOM,O,False,,
BAORAD,6,BA,BA. RADIOLOGY,O,True,01.714151000,
BAORADHS,6,BA,BA.RADIOLOGY OFF-SITE,O,False,01.714151000,
BAORESP,6,BA,BA. RESPIRATORY,O,True,01.714350000,
BAORESPCT,6,BA,BA.RESPITORY TELEPHONE CONT.,O,True,01.714350000,
BAORESPPFT,6,BA,BA. RESP PULM FUNC TEST,O,True,01.714354200,
BAORESPVV,6,BA,BA.RESPITORY VIRTUAL VISIT,O,True,01.714354200,
BAORR,6,BA,BA. RECOVERY ROOM (OR SUITE),O,True,01.712650000,
BAOSICERCT,6,BA,BA.ER.INTEG CRISIS CARE TEL.CO,O,True,01.713102000,
BAOSSPIR,6,BA,BA. SOINS SPIRITUELS,O,True,01.714800000,
BAOSSPIRCT,6,BA,BA. SOINS SPIRITUELS CONT.TEL.,O,True,01.714800000,
BAOSSPIRVV,6,BA,BA. SOINS SPIRITUELS VIS.VIRT.,O,True,01.714800000,
BAOSW,6,BA,BA. SOCIAL WORK,O,True,01.714701000,
BAOSWCT,6,BA,BA. SOCIAL WORK TEL.CONT.,O,True,01.714701000,
BAOSWVV,6,BA,BA. SOCIAL WORK VIRTUAL VISIT,O,True,01.714701000,
BAOTELEH,6,BA,BA. TELEHEALTH,O,True,01.713500000,
BAOTELHAVC,6,BA,BA. TELEHEALTH AVC,O,True,01.713102000,
BAOTELHPSY,6,BA,BA.PSYCHIATRIC TELEHEALTH,O,True,01.712750000,
BAOUS,6,BA,BA. ULTRASOUND,O,True,01.714153000,
BAOUT,6,BA,***BATHURST - OUTPATIENT NUR,I,False,,1
BAOUTNUR,6,BA,***OUTPATIENT NURSING STATION,O,False,,
BAOVITAL,6,BA,BA. VITAL,O,True,01.713500000,
BAOZMRC,6,BA,BA. MARITIME RESEARCH CENTRE,O,True,,
BAPREAD,6,BA,***PRE-ADMISSION,O,False,,
BAPSY,6,BA,***BATHURST - PSYCHIATRY,I,False,,1
BAPSYUNT,6,BA,***PSYCHIATRY UNIT RM:35-44,O,False,,
BARESP,6,BA,***BATHURST RESPIRATORY,D,False,,
BARR,6,BA,***RECOVERY ROOM - OR,O,False,,
BASCN,6,BA,***BATHURST - SPEC. CARE NUR,I,False,,1
BASCNIP,6,BA,***SPECIAL CARE NURSERY,O,False,,
BASHC,6,BA,***SEXUAL HEALTH CENTRE,O,False,,
BASIC,6,BA,***SICU - RM:32,O,False,,
BASICU,6,BA,***BATHURST - SICU,I,False,,1
BASM,6,BA,***BRUNSWICK SMELTING,O,False,,
BASTAFF,6,BA,***BATHURST STAFF,O,False,,
BAT,1,GDH,HOP. BATHURST,O,False,,9
BATINCO,6,BA,BA PATIENT TO HOSP WITHIN CORP,O,True,,
BATOTCO,6,BA,BA PATIENT TO HOSP OUTSIDE COR,O,True,,
BAVON,6,BA,***VON,O,False,,
BAVS,6,BA,***VILLA SORMANY,O,False,,
BAXBM,6,BA,BA. BRUNSWICK MINING,O,True,,
BAXBS,6,BA,BA. BRUNSWICK SMELTER,O,True,,
BAXCSM,6,BA,BA. CENTRE DE SANTE MENTALE,O,True,,
BAXCSPV,6,BA,BA.CENTRE DE SANTE POINTE VERT,O,True,,
BAXDO,6,BA,BA. DOCTOR'S OFFICE,O,True,,
BAXDOC,6,BA,***SPECIMEN FROM DOCTOR'S,O,False,,
BAXEHO,6,BA,***EMPLOYEE HEALTH OFFICE,O,False,,
BAXEMH,6,BA,***EXTRA MURAL HOSPITAL,O,False,,
BAXEMP,6,BA,BA. EXTRA MURAL PROGRAM,O,True,,
BAXEMPCA,6,BA,BA. EMP (CARAQUET'S PATIENTS),O,True,,
BAXEMPLA,6,BA,BA. EMP (LAMEQUE'S PATIENTS),O,True,,
BAXEMPTR,6,BA,BA. EMP (TRACADIE'S PATIENTS),O,True,,
BAXENV,6,LAB,LAB. ENVIRONMENT FOR BA,O,True,,
BAXFNDL,6,BA,BA.FOYER NOTRE DAME DE LOURDES,O,True,,
BAXFVC,6,BA,BA. FOYER VILLA CHALEUR,O,True,,
BAXFVS,6,BA,BA. FOYER VILLA SORMANY,O,True,,
BAXGS,6,BA,***BA. HOPITAL DE GRAND SAULT,O,False,,
BAXINJ,6,BA,BA.INJ/INFUSION INNOMAR CLINIC,O,True,,
BAXKMLAB,6,BA,BA. KAMLAB,O,True,,
BAXLAB,6,BA,***LABORATORY SPECIMENS,O,False,,
BAXMHC,6,BA,***MENTAL HEALTH CENTRE,O,False,09.719209010,
BAXMP,6,BA,BA. MAISON PROVINCIAL,O,True,,
BAXNEP,6,BA,BA. NEPHROLOGY,O,True,,
BAXODS,6,BA,BA. CATARACT OFF SITE CLINIC,O,False,01.713506010,
BAXODT,6,BA,BA.OPIOID DEPENDENCE TREATMENT,O,True,,
BAXOHS,6,BA,BA.OCCUPATIONAL HEALTH SERVICE,O,True,,
BAXOP,6,BA,***OUT PATIENT VISITS,O,False,,
BAXOUT,6,BA,BA. FOR BILLING ONLY (OUTSIDE),O,True,,
BAXPFN,6,BA,BA. PABINEAU FIRST NATION,O,True,,
BAXPHCL,6,BA,BA. EXTERNAL PHLEBOTOMY CLINIC,O,True,,
BAXPROGES,6,BA,BA. CLINIQUE PROGESTA,O,True,,
BAXSHC,6,BA,BA. SEXUAL HEALTH CENTRE,O,True,,
BAXSTAFF,6,BA,BA. STAFF HEALTH OFFICE,O,True,,
BAXVETS,6,BA,BA. VETS UNIT,O,True,,
BAXVON,6,BA,BA. VICTORIA ORDER OF NURSES,O,True,,
BAXZMRC,6,BA,BA. MARITIME RESEARCH CENTRE,O,True,,
BBK,1,BBKUNIT,BANQUE DE SANG,D,True,,
BCPAP,1,GDH,BIC COVE PAP TEST,O,False,,9
BEN,1,GDH,BENEVOLES,D,True,,
BIB,1,GDH,BIBLIOTHEQUE,D,True,,
BM,1,GDH,BUREAU DU MEDECIN,O,True,,0
BMCPED,1,GDH,BUREAU MEDECIN CL. PEDIATRIE,O,True,,0
BMCPEDA,1,GDH,BM CLIN PEDIATRIE APPEL,O,False,,0
BS,1,GDH,BANQUE DE SANG,D,True,,
BSANG,1,GDH,BANQUE DE SANG           (PHA),O,False,,6
BSPHA,1,GDH,BANQUE DE SANG           (PHA),O,False,,6
BUAN,1,GDH,BUANDERIE,D,True,,
BXEMP,6,BX,BX.EXTRA MURALE INTERFACE (BX),O,True,,
CABUREAU,6,CA,***BUREAU DU MEDECIN,O,False,,
CACLIN,6,CA,***CLINIQUES,O,False,,
CADADMCA,6,CA,DEPT. OF ADMINISTRATION (CA),D,True,,
CADAMB,6,CA,DEPT. OF AMBULATORY,D,True,,
CADAR,6,CA,DEPT. OF ACCOUNT RECEIVABLE,D,True,,
CADBIOMED,6,CA,DEPT. OF BIOMEDICAL,D,True,,
CADBS,6,CA,DEPT. OF BREAST SCREENING,D,True,,
CADCLSI,6,CA,DEPT. OF CLINIC ST ISIDORE,D,True,,
CADCSR,6,CA,DEPT. OF CENTRAL SERVICE,D,True,,
CADDIET,6,CA,DEPT. OF DIETARY,D,True,,
CADELEC,6,CA,DEPT. OF ELECTROCARDIOLOGY,D,True,,
CADEMG,6,CA,DEPT. OF EMERGENCY,D,True,,
CADEMP,6,CA,DEPT. OF EXTRA MURAL,D,True,,
CADERGO,6,CA,DEPT. OF ERGOTHERAPY,D,True,,
CADFOUND,6,CA,DEPT. OF FOUNDATION,D,True,,
CADHEALTH,6,CA,DEPT. OF HEALTH FOR STAFF,D,True,,
CADHSK,6,CA,DEPT. OF HOUSEKEEPING,D,True,,
CADIMG,6,CA,DEPT. OF MEDICAL IMAGING,D,True,,
CADLAB,6,CA,DEPT. OF LABORATORY,D,True,,
CADMAINT,6,CA,DEPT. OF MAINTENANCE,D,True,,
CADMISC,6,CA,DEPT. OF MISCELLANEOUS,D,True,,
CADMR,6,CA,DEPT. OF MEDICAL RECORDS,D,True,,
CADONCO,6,CA,DEPT. OF ONCOLOGY,D,True,,
CADONCOCT,6,CA,DEPT. OF ONCOLOGY CONT.TEL.,D,True,,
CADOR,6,CA,***DEPT. OF OPERATING ROOM,D,False,,
CADOT,6,CA,***DEPT. OF OCCUPATIONAL THERA,D,False,,
CADPHARM,6,CA,DEPT. OF PHARMACY,D,True,,
CADPHYSIO,6,CA,DEPT. OF PHYSIOTHERAPY,D,True,,
CADPREOP,6,CA,DEPT. OF PRE OP CLINIC,D,True,,
CADPTRE,6,CA,DEPT. OF PATIENT RECEPTION,D,True,,
CADRESP,6,CA,DEPT. OF RESPIRATORY,D,True,,
CADSECUR,6,CA,DEPT. OF SECURITY,D,True,,
CADSPEECH,6,CA,DEPT. OF SPEECH PATHOLOGY,D,True,,
CADSTORE,6,CA,DEPT. OF STORE,D,True,,
CADSW,6,CA,DEPT. OF SOCIAL WORK,D,True,,
CAER,6,CA,***EMERGENCY,O,False,,
CAFAX,6,CA,***FAX,O,False,,
CAIEMG,6,CA,***CA EMERGENCY INPATIENTS,I,False,,9
CAIEXC,6,CA,***CA. EXTENTED CARE,I,False,,1
CAIMAT,6,CA,***CA. MATERNITE,I,False,,1
CAIMED,6,CA,CA. MEDECINE,I,True,,1
CAIMEDOF,6,CA,CA. MEDECINE OVERFLOW,I,False,,1
CAINSY,6,CA,***NURSERY,I,False,,1
CAINUR,6,CA,***NURSERY,I,False,,1
CAIPA,6,CA,CA. PALIATIVE CARE,I,True,,1
CAIPED,6,CA,***CA. PEDIATRIE,I,False,,1
CAIPOU,6,CA,***CA. POUPONNIERE,I,False,,9
CAISC,6,CA,***CA. SOINS CONCENTRES,I,False,,1
CAIURG,6,CA,CA. URGENCE (INPATIENTS),I,True,,9
CAIURGOBS,6,CA,CA. URGENCE OBSERVATION,I,True,,9
CAIWI,6,CA,**CA. CL. WALK-IN (INPATIENTS),I,False,,1
CALAB,6,CA,***LABORATORY,O,False,,
CAM,1,GDH,HOP. CAMPBELLTON,O,False,,9
CAMAT,6,CA,***CARAQUET - MATERNITE,I,False,,1
CAMATER,6,CA,***MATERNITE-RM:244-261,O,False,,
CAMED,6,CA,***CARAQUET - MEDICINE,I,False,,1
CAMEDI,6,CA,"***MEDICINE-RM:201-213,280,281",O,False,,
CAMISC,6,CA,***DEPT. OF MISCELLANEOUS,D,False,,
CAOBS,6,CA,CA. BREAST SCREENING,O,True,02.714152030,
CAOBSCLIN,6,CA,***OBS CLINIQUE,O,False,,
CAOCHEMO,6,CA,CA. CHEMOTHERAPY CLINIC,O,True,02.713406600,
CAOCLBER,6,CA,CA. CLINIC BERTRAND,O,True,02.713500020,
CAOCLBH,6,CA,***CA. CLINIC BREAST HEALTH,O,False,,
CAOCLCARDI,6,CA,CA. CLINIC CARDIOLOGY,O,True,02.713502000,
CAOCLCARP,6,CA,CA. CLINIC CARDIAC REHAB-PULMO,O,True,02.713502000,
CAOCLDERM,6,CA,CA. CLINIC DERMATOLOGY,O,True,02.713501040,
CAOCLDIAB,6,CA,CA. CLINIC DIABETIC,O,True,02.713504020,
CAOCLDIACT,6,CA,CA. CLINIC DIABETIC CON.TEL,O,True,02.713504020,
CAOCLDIAVV,6,CA,CA. CLINIC DIABETIC VIS.VIRT.,O,True,02.713504020,
CAOCLEGER,6,CA,CA.CL.GERIATRIC EVALUATION,O,True,02.713503020,
CAOCLEGERT,6,CA,CA.CL.GERIATRIC EVAL.TEL.CONT,O,True,02.713503020,
CAOCLENDOC,6,CA,CA. CLINIC ENDOCRINOLOGY,O,True,02.713500000,
CAOCLGASTR,6,CA,CA. CLINIC GASTROENTEROLOGY,O,True,02.713500000,
CAOCLGYN,6,CA,CA. CLINIC GYNAECOLOGY,O,True,02.713500000,
CAOCLIF,6,CA,**CA. CLINIC INFIRMIER PRATICI,O,False,,
CAOCLIN,6,CA,CA. CLINIC OUT PATIENTS,O,True,02.713500000,
CAOCLINTM,6,CA,CA. CLINIC INTERNAL MEDICINE,O,True,02.713500000,
CAOCLIP,6,CA,CA. CLINIC INFIRMIER PRATICIEN,O,True,02.713500000,
CAOCLLASGY,6,CA,CA. CLINIC LASER GYN,O,True,02.713500000,
CAOCLMED,6,CA,CA. CLINIC TRAITMENT/RDV MED,O,True,02.713500000,
CAOCLORTHO,6,CA,CA. CLINIC ORTHOPEDIC,O,True,02.713500000,
CAOCLPAP,6,CA,CA. CLINIC PAP,O,True,02.713500000,
CAOCLPAQ,6,CA,CA. CLINIC PAQUETVILLE,O,True,02.713501030,
CAOCLPAQCT,6,CA,CA.CL.PAQUETVILLE CONT.TEL.,O,True,02.713501030,
CAOCLPAQVV,6,CA,CA.CL.PAQUETVILLE VIS.VIRT.,O,True,02.713501030,
CAOCLPED,6,CA,CA. CLINIC PEDIATRIC,O,True,02.713500000,
CAOCLPKU,6,CA,CA. CLINIC PKU,O,True,02.713500000,
CAOCLPOSTN,6,CA,CA. CLINIC POSTNATAL,O,True,02.713505050,
CAOCLPREN,6,CA,CA. CLINIC PRENATAL,O,True,02.713505050,
CAOCLPREOP,6,CA,CA. CLINIC PRE OP,O,True,02.713501545,
CAOCLPULMO,6,CA,CA. CLINIC PULMONAIRE,O,True,02.713500000,
CAOCLRECAR,6,CA,CA. CLINIC CARDIAC REHAB,O,True,02.713502000,
CAOCLRECCT,6,CA,CA. CLI.CARDIAC REHAB CONT.TEL,O,True,02.713502000,
CAOCLSI,6,CA,CA. CLINIC ST ISIDORE,O,True,02.713501025,
CAOCLSICT,6,CA,CA.CL. ST-ISIDORE CONT.TEL.,O,True,02.713501025,
CAOCLSIVV,6,CA,CA.CL. ST-ISIDORE VIS.VIRT.,O,True,02.713501025,
CAOCLSS,6,CA,CA. CLINIQUE DE SANTE SEXUELLE,O,True,02.713500000,
CAOCLSSCOM,6,CA,CA. CL SANTE SEXUELLE COMMUNAU,O,True,02.713500000,
CAOCLSSCT,6,CA,CA.CL.SANTE SEXUELLE CONT.TEL.,O,True,02.713500000,
CAOCLSSVV,6,CA,CA.CL.SANTE SEXUELLE VIS.VIRT.,O,True,02.713500000,
CAOCLSURG,6,CA,CA. CLINIC SURGERY,O,True,02.713500000,
CAOCLSW,6,CA,***CA. CLINIC SOCIAL WORKER,O,False,,
CAOCLTA,6,CA,CA. CLINIC BLOOD PRESSURE (TA),O,True,02.713500000,
CAOCLTAB,6,CA,CA. CLINIQUE ABANDON DU TABAC,O,True,02.713500000,
CAOCLTABCT,6,CA,CA.CL.ABANDON TABAC CONT.TEL.,O,True,02.713500000,
CAOCLTABVV,6,CA,CA.CL.ABONDON TABAC VIS.VIRT.,O,True,02.713500000,
CAOCLTACT,6,CA,CA.CL.BLOOD PRESSURE CONT.TEL,O,True,02.713500000,
CAOCLTAVV,6,CA,CA.CL.BLOOD PRESSURE VIS.VIRT.,O,True,02.713500000,
CAOCLURO,6,CA,CA. CLINIC UROLOGY,O,True,02.713500000,
CAOCLWI,6,CA,***CA. CLINIC WALK-IN /OBS.,O,False,,
CAOCLWOUND,6,CA,CA.CLINIC WOUND CARE,O,True,02.713500000,
CAOCODIACT,6,CA,CA. COMMUNITY DIABETIC CON.TEL,O,True,00.715092000,
CAOCODIAVV,6,CA,CA. COMMUNITY DIABETIC VIS.VIR,O,True,00.715092000,
CAOCOMDIAB,6,CA,CA. COMMUNTY DIABETIC,O,True,00.715092000,
CAOCOMPPHY,6,CA,CA. COMMUNITY PEDIATRIC PHYSIO,O,False,02.714500000,
CAODIET,6,CA,CA. DIETARY,O,True,02.714450000,
CAODIETCT,6,CA,CA DIETERY CONT.TELEPHONIQUE,O,True,02.714450000,
CAODIETVV,6,CA,CA.DIETERY VISITE VIRTUELLE,O,True,02.714450000,
CAODS,6,CA,CA. DAY SURGERY,O,True,02.713500000,
CAOECG,6,CA,CA. ELECTROCARDIOGRAM,O,True,02.714302090,
CAOER,6,CA,CA. EMERGENCY,O,True,02.713102000,
CAOERGO,6,CA,CA. ERGOTHERAPIE,O,True,02.714552000,
CAOERGOCT,6,CA,CA.ERGOTHERAPIE CONT.TEL.,O,True,02.714552000,
CAOERGOVV,6,CA,CA.ERGOTHERAPIE VIS.VIRTUELLE,O,True,02.714552000,
CAOLOA,6,CA,CA. TEMPORARY LOCATED HOME,O,True,,
CAOMAT,6,CA,CA. OUT-PATIENT MATERNITE,O,True,02.713500000,
CAOOBS,6,CA,CA. OBS CLINIQUE,O,True,02.713500000,
CAOONCO,6,CA,***CA. ONCOLOGY,O,False,,
CAOONNAV,6,CA,CA. ONCO INF.NAV,O,True,02.713406600,
CAOONNAVCT,6,CA,CA. ONCO INF. NAV CONT.TEL.,O,True,02.713406600,
CAOP,6,CA,***OUT-PATIENT,O,False,,
CAOPAN,6,CA,CA. PANDEMIC,O,True,02.713500000,
CAOPDIABCT,6,CA,CA. COMMUNITY DIABETIC CON.TEL,O,False,,
CAOPGPSTSA,6,CA,CA PRG. GEST. PERS. TS ADMISSI,O,False,,
CAOPGPSTST,6,CA,CA. PRG. GEST. PERS. TS CONT T,O,False,,
CAOPHLE,6,CA,CA. PHLEBOTOMY,O,True,02.714101000,
CAOPHONI,6,CA,CA. ORTHOPHONIE,O,True,02.714602000,
CAOPHONICT,6,CA,CA. ORTHOPHONIE CONT.TEL.,O,True,02.714602000,
CAOPHONIVV,6,CA,CA. ORTHOPHONIE VIS.VIRTUELLE,O,True,02.714602000,
CAOPHYPCCT,6,CA,CA. PHYSIO PED COM. CONT.TEL,O,True,02.714500000,
CAOPHYPCVV,6,CA,CA.PHYSIO PED COM. VIS. VIRT.,O,True,02.714500000,
CAOPHYPEDC,6,CA,CA. PHYSIO PEDIATRIQUE COMM.,O,True,02.714500000,
CAOPHYSICT,6,CA,CA.PHYSIOTHERAPIE CONT.TEL.,O,True,02.714500000,
CAOPHYSIO,6,CA,CA. PHYSIOTHERAPIE,O,True,02.714500000,
CAOPHYSIVV,6,CA,CA.PHYSIOTHERAPIE VIS.VIRT.,O,True,02.714500000,
CAOPREAD,6,CA,CA. PRE ADMISSION,O,True,02.713502010,
CAOPRGPS,6,CA,CA. PROG GESTION PERS.SVC,O,True,01.715800015,
CAOPRGPSAD,6,CA,CA.PROG GESTION PERS.ADM,O,True,01.715800015,
CAOPRGPSCT,6,CA,CA.PROG GEST.PERS.SVC CONT.TEL,O,True,01.715800015,
CAOPRGPTS,6,CA,CA. PGR. GEST. PERS. TRAV. SOC,O,False,,
CAOPRMAD,6,CA,CA.PRG MAINTIEN DOMICILE COMM,O,True,01.715800010,
CAOPRMADCT,6,CA,CA.PRG MAINTIEN DOM CONS.TEL,O,True,01.715800010,
CAOPSYCHO,6,CA,CA.PSYCHOLOGY IN PERSON,O,True,01.714755000,
CAOPSYCHVV,6,CA,CA.PSYCHOLOGY VIRTUAL VISIT,O,True,01.714755000,
CAORAD,6,CA,CA. RADIOLOGY,O,True,02.714151000,
CAOREHAB,6,CA,***CA. REHAB - CARDIAC,O,False,,
CAORESP,6,CA,CA. RESPIRATORY,O,True,02.714350000,
CAORESPCT,6,CA,CA.RESPITORY CONS.TELEPHONIQUE,O,True,02.714350000,
CAORESPVV,6,CA,CA.RESPITORY VISITE VIRTUELLE,O,True,02.714350000,
CAOSICERCT,6,CA,CA ER INTEG CRISIS CARE,O,True,02.713102000,
CAOSPEECH,6,CA,CA. ORTHOPHONIE/SPEECH PATH,O,True,02.714602000,
CAOSW,6,CA,CA. SOCIAL WORKER,O,True,02.714701000,
CAOSWCT,6,CA,CA. TRAVAIL SOCIAL CONT.TEL.,O,True,02.714701000,
CAOSWVV,6,CA,CA. TRAVAIL SOCIAL VIS.VIRT.,O,True,02.714701000,
CAOTELEH,6,CA,CA. TELEHEALTH,O,True,02.713500000,
CAOTELHPSY,6,CA,CA. PSYCHIATRIC TELEHEALTH,O,True,02.713500000,
CAOUS,6,CA,CA. ULTRASOUND,O,True,02.714153000,
CAOWI,6,CA,***CA. CLINIC WALK-IN,O,False,,
CAPED,6,CA,***CARAQUET - PEDIATRIE,I,False,,1
CAPEDI,6,CA,"***PEDIATRIE-RM:215-217,270",O,False,,
CAPEM,6,CA,***PEM,O,False,,
CAPOU,6,CA,***CARAQUET - POUPONNIERE,I,False,,1
CAPOUP,6,CA,***POUPONNIERE-RM:244-261,O,False,,
CAPREAD,6,CA,***PRE-ADMISSION,O,False,,
CAR,1,GDH,HOP. CARAQUET,O,False,,9
CARDIO,1,GDH,CARDIOLOGIE,O,True,102.713501700,0
CARESPPUTH,6,CA,CA.RESPIRATORY PULMONARY TELEH,O,True,,
CASC,6,CA,***SOINS CONCENTRES-RM:212,O,False,,
CATINCO,6,CA,CA PATIENT TO HOSP WITHIN CORP,O,True,,
CATOTCO,6,CA,CA PATIENT TO HOSP OUTSIDE COR,O,True,,
CAURG,6,CA,***CARAQUET - URGENCE,I,False,,1
CAUSC,6,CA,***CARAQUET - SOINS CONCENTRES,I,False,,1
CAVILLA,6,CA,***VILLA,O,False,,
CAVON,6,CA,***VON,O,False,,
CAXCP,6,CA,CA. CLINIQUE DE PAQUETVILLE,O,True,,
CAXDO,6,CA,CA. DOCTOR'S OFFICE,O,True,,
CAXENV,6,LAB,LAB. ENVIRONMENT FOR CA,O,True,,
CAXPC,6,CA,***PAQUETVILLE CLINIC,O,False,,
CAXPEM,6,CA,CA. PEM (CARAQUET'S PATIENTS),O,True,,
CAXPEMLA,6,CA,CA. PEM (LAMEQUE'S PATIENTS),O,True,,
CAXPEMTR,6,CA,CA. PEM (TRACADIE'S PATIENTS),O,True,,
CAXSHC,6,CA,CA. SEXUAL HEALTH CENTRE,O,True,,
CAXVILLA,6,CA,CA. VILLA,O,True,,
CAXVON,6,CA,CA. VON,O,True,,
CBAHS,1,GDH,CL. BAHSALI,O,False,,0
CBAR,1,GDH,CL. BARIATRIQUE,O,True,102.713501700,0
CBARCT,1,GDH,CL BARIATRIQUE CONS. TELEPHONE,O,True,102.713501095,0
CBARE,1,GDH,CL. BARIATRIQUE EXTERIEUR,O,True,102.713501095,0
CBARHS,1,GDH,CLIN BARIATRIQUE HORS SITE,O,True,102.713501095,0
CBARPA,1,GDH,Clinique Bariatrique pre-adm,O,True,102.713501700,0
CBARVV,1,GDH,CL BARIATRIQUE VIS. VIRTUELLE,O,True,,0
CCAR,1,GDH,CL. CARDIOLOGIE,O,True,102.713504200,0
CCARAT,1,GDH,CLIN CARDIO APPEL TELEPHONIQUE,O,False,,1
CCARCT,1,GDH,CL CARDIO CONSULTE TELEPHONIQU,O,True,102.713504200,1
CCARFA,1,GDH,CL.CARDIO FIBRILLATION AURICUL,O,True,102.713504200,0
CCARREC,1,GDH,CLINIQUE CARDIOLOGIE RECHERCHE,O,True,102.713504200,0
CCHIR,1,GDH,CL. CHIRURGIE GENERALE,O,True,102.713501700,0
CCHIRGYN,1,GDH,CL. CHIRURGIE GYNECO,O,True,102.713501700,0
CCHIRORL,1,GDH,CL. CHIRURGIE ORL,O,True,102.713501700,0
CCHIRORTHO,1,GDH,CL. CHIRURGIE ORTHOPEDIE,O,True,102.713501700,0
CCHIRPHA,1,GDH,CLIN.CHIRURGIE PHA. CATARACTES,O,True,102.712600000,6
CCHIRPNEU,1,GDH,CL. CHIRURGIE PNEUMOLOGIE,O,True,102.713501700,0
CCHIRURO,1,GDH,CL. CHIRURGIE UROLOGIE,O,True,102.713501700,0
CCOL,1,GDH,CL. COLPOSCOPIE,O,False,,0
CCPD,1,GDH,CLIN COLOSCOPIE PROG DEPISTAGE,O,True,102.713501700,0
CD,1,GDH,CL. DOULEUR,O,True,102.713501075,0
CDCT,1,GDH,CLIN.DE DOULEUR CONT.TEL.,O,True,102.713501075,0
CDENT,1,GDH,CL. DENTAIRE,O,False,,0
CDIAB,1,GDH,CL. DIABETIQUE,O,True,102.713504020,0
CDIABCOMBM,1,GDH,CLINIQUE DIAB. COMM B.MEDECIN,O,False,,0
CDIABCOMCT,1,GDH,CLIN.DIAB.COMM CONS TELEPHONI.,O,True,,0
CDIABCOMM,1,GDH,CLIN. DIABETIQUE COMMUNAUTAIRE,O,True,,0
CDIABCOMVV,1,GDH,CL DIAB COMM. VISITE VIRTUELLE,O,True,,0
CDIABCT,1,GDH,CL DIABETIQUE CONSEIL TELEPHON,O,True,102.713504020,0
CDIABINF,1,GDH,CLIN DIABETIQUE INFIRMIERE,O,True,102.713504020,0
CDIABINFCT,1,GDH,CL DIABETIQUE INF. CONS. TEL.,O,True,,0
CDIABINFVV,1,GDH,CL DIABETIQUE INF. VIS.VIRTUEL,O,True,,0
CDIABSS,1,GDH,CL. DIABETIQUE SERVICE SOCIAL,O,True,102.714700000,2
CDIABSSVV,1,GDH,CL DIAB.SERV.SOCIAL VIS.VIRT.,O,True,,2
CDIET,1,GDH,CLINIQUE DIETETIQUE (I),O,False,,1
CDIMA,1,GDH,CL. DOULEUR (IMA),O,False,,0
CDJ,1,GDH,CHIRURGIE D'UN JOUR,O,True,102.713402000,8
CDJ.CL,1,GDH,CL. CDJ CHIR.MIN,O,True,,8
CDJ.CM,1,GDH,CDJ CHIRURGIE MINEURE (I),O,False,,8
CDJ.UR,1,GDH,CENTRE DU JOUR URGENCE (I),O,False,,8
CDJ3D,1,GDH,CENTRE DU JOUR 3D (I),O,False,,0
CDJD,1,GDH,CHIRURGIE DE JOUR DEPARTEMENT,I,False,,1
CDJP,1,GDH,CENTRE DU JOUR PSY,O,True,,2
CDJPCT,1,GDH,CDJ PSY CONSEIL TELEPHONIQUE,O,True,,8
CDJPE,1,GDH,CDJ PSY ERGOTHERAPIE,D,True,,
CDJPERG,1,GDH,INACTIVE,O,False,,8
CDJPERGB,1,GDH,CDJ PSY ERGOTHERAPIE (B)JOAN(I,O,False,,8
CDJPI,1,GDH,CDJ PSY INFIRMIERE,D,True,,
CDJPINFA,1,GDH,CDJ PSY INFIRMIERE (A) LINDA(I,O,False,,8
CDJPINFB,1,GDH,INACTIVE,O,False,,8
CDJPINFC,1,GDH,INACTIVE,O,False,,8
CDJPINFD,1,GDH,CDJ PSY INFIRMIERE D PIERRET(I,O,False,,8
CDJPP,1,GDH,CDJ PSY. PSYCHO,D,True,,
CDJPPSYA,1,GDH,INACTIVE,O,False,,8
CDJPPSYB,1,GDH,CDJ PSY PSYCHOLOGUE (B)MARCE(I,O,False,,8
CDJPPSYC,1,GDH,CDJ PSY PSYCHOLOGUE C JOCELY(I,O,False,,8
CDJPS,1,GDH,CDJ PSY SERVICE SOCIAL,D,True,,
CDJPSS,1,GDH,CDJ PSY SERVICE SOCIAL (SYLV(I,O,False,,8
CDJPSSB,1,GDH,INACTIVE,O,False,,8
CDJPSSC,1,GDH,INACTIVE,O,False,,8
CDJPSSD,1,GDH,CDJ PSY SERVICE SOCIAL D REN(I,O,False,,8
CDJSSC,1,GDH,INACTIVE,O,False,,0
CDJURG,1,GDH,CENTRE DU JOUR URGENCE,O,True,102.713100000,4
CDPSYCHO,1,GDH,CL. DOULEUR (PSYCHO),O,True,102.714750000,0
CDPSYCHOCT,1,GDH,CL. DOULEUR PSYCHO CONT.TEL.,O,True,102.714750000,0
CDPSYCHOVV,1,GDH,CL DOULEUR PSYCHO VIS.VIRTUELL,O,True,,0
CDVV,1,GDH,CL DOULEUR VISITE VIRTUELLE,O,False,,0
CEBS,1,GDH,CL. ENFANTS BESOINS SPEC.(I),O,False,,0
CECTCAR,1,GDH,CL. E.C.T. CARDIOLOGIE,O,True,102.713501700,0
CECTCGE,1,GDH,CLI. ECT GASTROENTEROLOGIE,O,True,102.713501700,0
CECTCHI,1,GDH,CL. E.C.T. CHIRURGIE,O,True,102.713501700,0
CECTCHIHS,1,GDH,CLIN. ECT CHIRURGIE HORS SITE,O,False,102.713501700,0
CECTDIA,1,GDH,INACTIF (CECTDIA),O,False,,0
CECTDOU,1,GDH,INACTIF (CECTDOU),O,False,,0
CECTEND,1,GDH,CL. E.C.T. ENDOCRINOLOGIE,O,True,102.713501700,0
CECTENDCT,1,GDH,CL.ECT.ENDOCRINOLOGIE CONT.TEL,O,True,102.713501700,0
CECTGEN,1,GDH,CLI. ECT GENERAL,O,False,,0
CECTGER,1,GDH,CL. E.C.T. GERIATRIE,O,True,102.713501700,0
CECTGERHS,1,GDH,CLIN. ECT GERIATRIE HORS SITE,O,True,102.713501700,0
CECTINT,1,GDH,CLI. E.C.T. MED.INT.,O,False,,0
CECTMIC,1,GDH,INACTIF (CECTMIC),O,False,,0
CECTNEP,1,GDH,CLI. E.C.T. NEPHROLOGIE (I),O,False,,0
CECTNEU,1,GDH,CL. E.C.T. NEUROLOGIE,O,True,102.713501700,0
CECTNEUCT,1,GDH,CL.NEUROLOGIE CONT.TELEPHONE,O,True,,0
CECTNEUVV,1,GDH,CL.NEUROLOGIE VISITE VIRTUELLE,O,True,,0
CECTORT,1,GDH,INNACTIF (CECTORT),O,False,,0
CECTOST,1,GDH,CL. E.C.T. OSTEOPOROSE,O,False,,0
CECTPED,1,GDH,CL. E.C.T. PEDIATRIE,O,True,102.713501700,0
CECTPEDNEU,1,GDH,CLIN NEUROLOGIE PEDIATRIQUE,O,True,,0
CECTPHY,1,GDH,CL. E.C.T. PHYSIATRE,O,False,,0
CECTPLA,1,GDH,INACTIF (CECTPLA),O,False,,0
CECTPNE,1,GDH,CL. ECT PNEUMOLOGIE,O,True,102.713501700,0
CECTRHU,1,GDH,INACTIF (CECTRHU),O,False,,0
CECTURO,1,GDH,CL ECT UROLOGIE,O,False,,0
CEE,1,GDH,CL. EPREUVE EFFORT,O,True,102.714302020,0
CELSIHC,1,GDH,Clin. Elsipogtog Health Center,O,True,102.713501720,0
CEND,1,GDH,CL. ENDOCRINOLOGIE 4F,O,False,,7
CEPN,1,GDH,UDM (CEPS) CLINIQUE NUTRITION,O,False,,0
CEPSCC,1,GDH,CEPS EDUCATION COEUR A COEUR,O,True,102.713504200,0
CEPSCS,1,GDH,CEPS COEUR EN SANTE,O,True,102.713504200,0
CEPSI,1,GDH,UDEM CEPS INFIRMIERE,O,True,102.713504200,0
CEPSK,1,GDH,CEPS COEUR EN SANTE RDV KINE,O,True,102.713504200,0
CEPSMD,1,GDH,CEPS COEUR EN SANTE RDV MD,O,True,102.713504200,0
CEPSN,1,GDH,CL. UDEM CEPS CLINIC NUTRITION,O,True,102.714450000,0
CEPSP,1,GDH,CEPS COEUR EN SANTE RDV PSY,O,True,102.713504200,0
CEPSRPULM,1,GDH,CEPS READAPTATION PULMONAIRE,O,True,102.714354210,0
CEPSSTI,1,GDH,CEPS COEUR EN SANTE SUIVI TELE,O,True,102.713504200,0
CESF,1,GDH,CL.EDUC.SEX.FAM.(I),O,False,,0
CETSAF,1,GDH,C.E.TROUBLE SPEC ALCOOL FOETAL,O,False,165.715501010,0
CETSAFCM,1,GDH,C.E.T.S.A.F. CONS.MERE BIOLOGI,O,False,,0
CETSAFCT,1,GDH,CE TR.S.ALCOOL.FOETAL CONS.TEL,O,False,165.715501010,0
CETSAFDOM,1,GDH,CE TR.S.ALCOOL.FOETAL DOMICILE,O,False,165.715501010,0
CETSAFE,1,GDH,CETSAF  AUTRE ETABLISSEMENT,O,False,165.715501010,0
CETSAFHS,1,GDH,CE TR.S.ALCOOLFOETAL HORS SITE,O,False,,0
CFEM,1,GDH,CL. DE LA FEMME,O,False,,0
CFIS,1,GDH,INACTIF CL. FISTULE 4F,O,False,,7
CG,1,GDH,CLINIQUE GASTROSCOPIE (I),O,False,,
CGE,1,GDH,CL. GASTROENTEROLOGIE,O,True,102.713501700,0
CGERHS,1,GDH,CLINIQUE GERIATRIE HORS SITE,O,True,102.713501700,0
CGES1,1,GDH,CL. GASTRO SALLE 1       (PHA),O,True,102.713501700,6
CGES2,1,GDH,CLIN. GASTRO SALLE 2     (PHA),O,True,102.713501700,6
CGYN,1,GDH,CL. GYNECOLOGIE,O,True,102.713503510,0
CGYNCT,1,GDH,CL.GYNECOLOGIE CONS.TELEPHONE,O,True,102.713503510,0
CHA,1,GDH,HOP. CHATHAM,O,False,,9
CHAURG,1,GDH,CHARIOT D'URGENCE (CODE 99),D,True,,
CHIMIO,1,GDH,CHIMIOTHERAPIE (I),O,False,,0
CHIR,1,GDH,CHIRURGIE (I),O,False,,0
CINF,1,GDH,CL. INFERTILITE (I),O,False,,
CLAAIV,1,GDH,CLIN ANTIBIOTHERAPIE.AMBUL.IV,O,True,102.713501047,0
CLALPED,1,GDH,CL.D'ALIMENTATION PEDIATRIQUE,O,True,102.714450000,0
CLALPEDCT,1,GDH,CL ALIMENTATION PED CONS.TELEP,O,True,102.714450000,0
CLALPEDVV,1,GDH,CL ALIMENTATION PED.VIS.VIRT.,O,True,102.711450000,0
CLAN,1,GDH,CLINIQUE ANESTHESIE,O,True,102.712600000,0
CLCARPA,1,GDH,CLINIQUE CARDIO PRE-ADMISSION,O,True,102.713504200,0
CLCATHS,1,GDH,CLINIQUE CATARACTE HORS SITE,O,True,102.713506010,1
CLDHEP,1,GDH,CLIN DEPISTAGE HEP / FIBROSCAN,O,True,102.713501700,0
CLDIABCOMM,1,GDH,CLIN. DIABETE COMMUNAUTAIRE,O,False,,0
CLECTGERHS,1,GDH,CL. ECT GERIATRIE HORS SITE,O,False,102.713501700,0
CLEGER,1,GDH,CL. EVALUATION GERIATRIQUE,O,True,102.713503020,0
CLEGERCT,1,GDH,CL EVAL.GERIATRIQUE CONS.TEL.,O,True,102.713503020,0
CLEX,1,GDH,CL. EXTERNE,O,True,102.713501700,0
CLEXCT,1,GDH,CL.EXTERNE CONSEIL TELEPHONIQ.,O,True,102.713501700,0
CLGENMED,1,GDH,CLINIQUE GENETIQUE MEDICALE,O,True,102.713507045,0
CLGENMEDCT,1,GDH,CL GENETIQUE MEDICAL C.TELEPHO,O,True,102.713507045,0
CLGENMEDHS,1,GDH,CL GENETIQUE MEDICAL HORS SITE,O,True,102.713507045,0
CLI,1,GDH,CLINIQUE GENERALE (I),O,False,,
CLIMMCOV,1,GDH,CLIN. IMMUNISATION COVID,O,True,102.713501700,0
CLIREFUGIE,1,GDH,CLINIQUE REFUGIES,O,False,,5
CLITHO,1,GDH,CLINIQUE LITHOTRIPSIE,O,True,102.713404000,0
CLJMOT,1,GDH,CLINIQUE JEUNESSE MOTIVACTION,O,True,102.715102015,0
CLJMOTCT,1,GDH,CLI JEUNESSE MOTIVATION CT,O,True,102.715102015,0
CLJMOTEM,1,GDH,CL.JEUN.MOTIVACTION EQUI.MULTI,O,False,102.715102015,0
CLJMOTEMVV,1,GDH,C.JEUN.MOTIVACTION EQ.MULTI VV,O,True,102.715102015,0
CLJMOTVV,1,GDH,CL JEUN.MOTIVACTION VIS.VIRT.,O,True,,0
CLKINE,1,GDH,CLINIQUE KINESIOLOGIE,O,True,102.712101035,2
CLKINECT,1,GDH,CLIN KINESIOLOGIE CONT.TEL.,O,True,102.712101035,2
CLLIP,1,GDH,CLINIQUE LIPIDES,O,True,,0
CLLIPCT,1,GDH,CLIN LIPIDES CONT.TELEPHONIQUE,O,True,,0
CLLIPVV,1,GDH,CLIN LIPIDES VISITE VIRTUELLE,O,True,,0
CLOBS1,1,GDH,CLI EXTERNE OBSERVATION  (PHA),O,True,102.713501700,1
CLOBS2,1,GDH,CLIN EXTERNE OBSERVATION (PHA),O,True,102.713501700,1
CLPF,1,GDH,CLINIQUE PLANNING FAMILIALE,O,True,102.713503540,0
CLPFCT,1,GDH,CL PLANNING FAMILIAL CONS.TELE,O,True,102.713503540,0
CLPHYS,1,GDH,CLINIQUE DE PHYSIATRIE,O,True,102.713501087,0
CLPHYSCT,1,GDH,CLINIQUE PHYSIATRIE CONS.TEL.,O,True,102.713501087,0
CLPLAIE,1,GDH,CLINIQUE PLAIE,O,True,102.713501700,0
CLRECH,1,GDH,CL DE RECHERCHE - CMPNB,O,True,102.717606600,0
CLRM,1,GDH,CL. RECHERCHE MENO-PAUSE,O,False,,0
CLS,1,GDH,CLINIQUE SEIN,O,True,102.713406610,5
CLSPD,1,GDH,CLIN SOINS DE PIEDS DIABETIQUE,O,True,102.713504020,0
CLSPDCT,1,GDH,CL SOINS PIEDS DIAB CONS TELE,O,True,102.713504020,0
CLSS,1,GDH,CLINIQUE SANTE DU SEIN,O,True,102.713406610,5
CLSSCT,1,GDH,CLIN. SANTE DU SEIN CONSEIL T,O,False,,5
CLSSINF,1,GDH,CLINIQUE SEIN SUIVI INFIRMIER,O,True,102.713406610,5
CLSSINFCT,1,GDH,CLIN. SEIN SUIVI INF.CONSEIL T,O,True,102.713406610,5
CLTAB,1,GDH,CLINIQUE TABAGISME SUIVI,O,True,102.713501710,0
CLTABACCT,1,GDH,CLIN.TABAC CONSEIL TELEPHONE,O,True,102.713501710,0
CLTABI,1,GDH,CLINIQUE TABAGISME INITIAL,O,False,102.713501710,0
CLTABVV,1,GDH,CL TABAGISME VISITE VIRTUELLE,O,True,,0
CLTBL,1,GDH,CLINIQUE TB LATENTE,O,True,102.713501047,0
CLTBLCT,1,GDH,CLINIQUE TB LATENTE CONS TEL,O,True,102.713501047,1
CLVAG,1,GDH,CLINIQUE VACCIN ANTI-GRIPPAL,O,True,,0
CM,1,GDH,CLINIQUE MATERNITE (I),O,False,,
CMENO,1,GDH,CL. MENOPAUSE,O,False,,0
CMI,1,GDH,CL. MICROBIOLOGIE,O,True,102.714104500,0
CMICRO,1,GDH,CLINIQUE MICROBIOLOGIE (I),O,False,,
CMICT,1,GDH,CL. MICROBIOLOGIE CONT.TEL.,O,True,102.714104500,0
CMIHS,1,GDH,CLI MICROBIOLOGIE HORS SITE,O,True,102.714104500,0
CMIVV,1,GDH,CL.MICROBIOLOGIE VIS.VIRTUELLE,O,True,102.714104500,0
CMOES,1,GDH,CL. MOTILITE OESOPHAGIENNE,O,True,102.713501700,0
CMOHS,1,GDH,CL MOHS CHIR.MICROGRAPHIE DERM,O,True,102.713501700,0
CMR,1,GDH,CENTRE MEDICAL DE REXTON (I),O,False,,
CMS,1,CMS,CENTRE MEDICAL SHEDIAC,O,True,,0
CNEP,1,GDH,CL. NEPHROLOGIE,O,True,102.713501086,7
CNEPCT,1,GDH,C NEPHRO. CONT. TELEPHONIQUE,O,True,102.713501086,7
CNEUHS,1,GDH,CL NEUROLOGIE HORS SITE,O,True,102.713501700,0
CNEUHSC,1,GDH,CL NEUROLOGIE H-S CONSULTE,O,False,102.713501700,0
CNUT,1,GDH,CL. NUTRITION,O,True,102.714450000,0
CNUTBAR,1,GDH,CLINIQUE NUTRITION BARIATRIQUE,O,True,102.714450000,0
CNUTBARCT,1,GDH,C.NUT.BAR. CONSEIL TELEPHONE,O,True,102.714450000,0
CNUTBARVV,1,GDH,CL NUT.BARIATRIQUE VIS.VIRT.,O,True,,0
CNUTCARDIO,1,GDH,CLINIQUE NUTRITION CARDIOLOGIE,O,True,102.714450000,0
CNUTCHIR,1,GDH,CLINIQUE NUTRITION CHIRURGIE,O,True,102.714450000,0
CNUTCHIRCT,1,GDH,C.NUT.CHIRURGIE CONSEIL TELEPH,O,True,102.714450000,0
CNUTCT,1,GDH,CLIN NUTRITION CONSEIL TELEPHO,O,True,102.714450000,0
CNUTDIAB,1,GDH,CL. NUTRITION DIABETIQUE,O,True,102.714450000,0
CNUTDIABCT,1,GDH,CL.NUTRITION DIAB. CONSEIL TEL,O,True,102.714450000,0
CNUTDIABVV,1,GDH,CL NUT DIABETIQUE VIS.VIRTUELL,O,True,,0
CNUTNEPHCT,1,GDH,C.NUT.NEPHRO CONSEIL TELEPHONE,O,True,102.714450000,0
CNUTNEPHRO,1,GDH,CLINIQUE NUTRITION NEPHROLOGIE,O,True,102.714450000,0
CNUTNEPHVV,1,GDH,CL.NUTRTION NEPHRO VIS.VIRT.,O,True,102.714450000,0
CNUTONCO,1,GDH,CLINIQUE NUTRITION ONCOLOGIE,O,True,102.714450000,0
CNUTPED,1,GDH,CLINIQUE NUTRITION PEDIATRIE,O,True,102.714450000,0
CNUTPEDCT,1,GDH,CL.NUTRITION PEDIATRIE C.TEL.,O,True,102.714450000,0
CNUTPEDVV,1,GDH,CL NUTRITION PED VIS.VIRTUELLE,O,True,,0
CNUTPSY,1,GDH,CLINIQUE NUTRITION PSYCHIATRIE,O,True,102.714450000,0
CNUTVV,1,GDH,CL. NUTRITION VISITE VIRTUELLE,O,True,,0
CO,1,GDH,CLINIQUE ORTHOPEDIE (I),O,False,,
COB,1,GDH,CL. OBSTETRIQUE,O,True,102.713505000,0
COBCT,1,GDH,CL.OBSTETRIQUE CONT.TELE.,O,True,,0
COBH1N1,1,GDH,CLIN.OBSTETRIQUE VACC.H1N1,O,False,,0
COBPH,1,GDH,CL. OBSTETRIQUE PHLEBO (I),O,False,,0
COBSI,1,GDH,CL. OBSTETRIQUE SUIVI INF. (I),O,False,,0
COM,1,GDH,COMMUNICATION,D,True,,
CONCO,1,GDH,CL ONCOLOGIE (I),O,False,,0
CONSCTA,1,GDH,Conseillere CTA,D,True,,
CONT,1,GDH,CONGES TEMP. (I),O,False,,
COP,1,GDH,CLINIQUE D'OPHTALMOLOGIE (I),O,False,,
COPH,1,GDH,CL. OPHTALMOLOGIE,O,True,102.713506000,0
CORI,1,GDH,CORRECTION D'INV.,D,True,,
CORL,1,GDH,CL. OTORHINOLARYNGO,O,True,102.713501700,0
CORT,1,GDH,CL. ORTHOPEDIE,O,True,102.713506500,0
CORTCT,1,GDH,CLIN. ORTHOPEDIE CONT.TEL.,O,True,102.713506500,0
COST,1,GDH,CLIN. D'OSTEOPOROSE (I),O,False,,0
CPA,1,GDH,CL. PRE-ADMISSION,O,True,102.713501070,0
CPAAT,1,GDH,CPA APPEL TELEPHONIQUE,O,True,102.713501070,0
CPAERV,1,GDH,CL. PRE-ADMISSION ERV,O,False,102.713501070,0
CPASIC,1,GDH,CL.PROGRAMME AMB.INS.CARDIAQUE,O,True,102.713504200,0
CPASICCT,1,GDH,CL.PROG AMB.INS CARD CT.,O,True,102.713504200,0
CPCU,1,GDH,CLINIQUE PCU,O,True,102.713504010,0
CPCUCT,1,GDH,CLINIQUE PCU CONSEIL TELEPHONI,O,True,102.713504010,0
CPCUD,1,GDH,CLINIQUE PCU DOMICILE,O,True,102.713504010,0
CPCUE,1,GDH,CLIN. PCU AUTRE ETABLISSEMENT,O,True,102.713504010,0
CPCUVV,1,GDH,CLIN PCU VISITE VIRTUELLE,O,True,,0
CPED,1,GDH,CL. PEDIATRIE,O,False,102.735707000,0
CPEDCT,1,GDH,CLIN.PED.CONSEIL TELEPH.,O,False,102.735707000,0
CPEDDIAB,1,GDH,CLIN.PED.DIABETIQUE,O,True,102.735707000,0
CPEDDIABCT,1,GDH,CLIN.PED.DIAB.CONSEIL TELEPH.,O,True,102.735707000,0
CPEDDIABSI,1,GDH,CLIN.PED.DIAB.SOINS INF.,O,True,102.735707000,0
CPEDO,1,GDH,CLINIQUE PEDO-PSY,O,True,102.712701000,0
CPEDOPSYCT,1,GDH,PEDOPSY APPEL TELEPHONIQUE,O,True,102.712701000,0
CPEDOVV,1,GDH,CL PEDO-PSY VISITE VIRTUELLE,O,True,,0
CPLA,1,GDH,CL. PLASTIE,O,True,102.713501700,0
CPLAB,1,GDH,CL PHLEBO LAB ALFRED BASTARACH,O,True,102.714102110,0
CPLAST,1,GDH,CLINIQUE DE PLASTIE (I),O,False,,
CPMVB,1,GDH,CL. POSTNATAL VISITE BEBE (I),O,False,,0
CPN,1,GDH,CLIN. POSTANATAL,O,True,102.713505000,0
CPNA,1,GDH,CL. ANTENATALE,O,True,102.713505000,0
CPNAD,1,GDH,CLIN ANTENATALE DIEPPE,O,True,102.713505000,0
CPNADCT,1,GDH,CLIN ANTENATALE DIEPPE C TEL,O,True,102.713505000,0
CPNCT,1,GDH,CL.POSTNATALE CONS.TELEPHONIQU,O,True,102.713505000,0
CPND,1,GDH,CLIN POSTANTAL DIEPPE,O,True,102.713505000,0
CPNDCT,1,GDH,CLIN POSTANTAL DIEPPE CT,O,True,102.713505000,0
CPNS,1,GDH,CL. POSTNATAL SUIVI (I),O,False,,0
CPNVB,1,GDH,CL. POSTNATALE VISITE BEBE,O,False,102.713505000,0
CPNVM,1,GDH,CL. POSTNATALE VISITE MAMAN,O,False,102.713505000,0
CPSY,1,GDH,CL. PSYCHIATRIQUE,O,True,102.713507610,0
CPSYCT,1,GDH,CL PSYCHIATRIQUE CONS.TELE.,O,True,102.713507610,0
CPSYNEURO,1,GDH,CLIN NEURO PSYCHIATRIQUE,O,True,102.713507620,0
CPSYVV,1,GDH,CL PSYCHIATRIQUE VIS.VIRT.,O,True,102.713507610,0
CPV,1,GDH,CL. PROJET VITAL,O,False,,0
CRC,1,GDH,CROIX ROUGE CANADA (I),D,False,,
CRECRF,1,GDH,CL. RECHERCHE FRANCE RIOUX,O,False,,0
CREHEPC,1,GDH,CL.RECHERCHE HEPATITE-C,O,False,,0
CREP,1,GDH,CL. DE REPRODUCTION,O,True,191.713503550,0
CRHU,1,GDH,CL. RHUMATOLOGIE,O,False,102.713509500,0
CSBCC,1,GDH,COEUR SANTE BOUCT.COEUR-COEUR,O,True,103.715800020,0
CSBE,1,GDH,COEUR SANTE BOUCTOUCHE EXERCI,O,True,103.715800020,0
CSBI,1,GDH,COEUR EN SANTE BOUCTOUCHE INF.,O,True,103.715800020,0
CSBK,1,GDH,COEUR EN SANTE BOUCTOUCHE KINE,O,True,103.715800020,0
CSBMD,1,GDH,COEUR EN SANTE BOUCTOUCHE MD,O,True,103.715800020,0
CSBN,1,GDH,COEUR EN SANTE BOUCT NUTRITION,O,True,102.714450000,0
CSBP,1,GDH,COEUR EN SANTE BOUCTOUCHE PSY,O,True,102.714750000,0
CSBRPULM,1,GDH,COEUR SANTE BOUCT READAPT.PULM,O,True,102.714354210,0
CSBST,1,GDH,COEUR EN SANTE BOUCT SUIVI TEL,O,True,103.715800020,0
CSC,1,GDH,COURT SEJOUR CHIRURGICAL,O,True,102.713402000,8
CSI,1,GDH,CL. SUIVI INFIRMIER,O,True,102.713501700,0
CSI2,1,GDH,CLI. SUIVIT INFIRMIER 2,O,True,102.713501700,0
CSIDAUT,1,GDH,CL. DON AUTOLOGUE,O,True,102.713501700,0
CSIERV,1,GDH,CL. S.INF. E.R.V.,O,False,,0
CSP,1,GDH,CENTRE DE SANTE PULMONAIRE,O,True,102.714354210,2
CSPCT,1,GDH,CENTRE SANTE PULMONAIRE C TEL,O,True,102.714354210,2
CSPVV,1,GDH,CTRE SANTE PULMONAIRE VIS.VIRT,O,True,102.714354210,2
CST,1,GDH,CL. STOMOTHERAPIE,O,True,102.713501700,0
CSTCT,1,GDH,CL STOMATHERAPIE CONS.TELEPHON,O,True,102.713501700,0
CT,1,GDH,CLINIQUE DE STRESS (I),O,False,,
CTA,1,GDH,CL. TENSION ARTERIELLE,O,True,102.713501500,7
CTMED,1,GDH,CLINIQUE TELEMEDECINE,O,True,102.713501700,0
CUD,1,GDH,CL. URO-DYNAMIQUE,O,True,102.713501700,0
CUDCT,1,GDH,CL.URO-DYNAMIQUE CONS.TEL.,O,True,,0
CURO,1,GDH,CL. UROLOGIE,O,True,102.713501700,0
CXEMP,6,CX,CX.EXTRA MURALE INTERFACE (CX),O,True,,
CYC,1,GDH,CYCLOSPORINE (I),O,False,,
D,1,GDH,DETOX CENTRE (I),O,False,,9
D1CCU,5,SJH,DAL. 1ST CONC. CARE UNIT,I,False,,1
D1SD,5,SJH,DAL. 1ST STEP DOWN,I,False,,9
D2,5,SJH,DAL. MED/PEDS,I,False,,3
D3,5,SJH,3RD OBS/MED,I,False,,4
D3NUR,5,SJH,3RD NURSERY,I,False,,9
D4,5,SJH,DAL. MED/PAL/GERI,I,False,,5
DADM,5,SJH,DAL. ADMITTING,D,True,1071.1800000,
DADMIN,5,SJH,DAL. ADMINISTRATION,D,True,1071.1109000,
DAL,1,GDH,HOP. DALHOUSIE,O,False,,9
DAMB CARE,5,SJH,DAL. AMBULATORY CARE,D,True,,
DAMB CHEMO,5,SJH,DAL. AMBULATORY CHEMOTHERAPY,O,True,1071.3500000,
DAMB CYSTO,5,SJH,DAL. CYSTOSCOPY,O,True,1071.3500000,
DAMB DIAB,5,SJH,DAL. AMB. DIABETIC TEACHING,O,True,,
DAMB DRESS,5,SJH,DAL. AMB DRESSING/SUTURES,O,True,,
DAMB ENDO,5,SJH,DAL. ENDO SUITE,O,True,,
DAMB IV,5,SJH,DAL. IV THERAPY,O,True,1071.3500000,
DAMB IVACC,5,SJH,DAL. IV ACCESS MAINTENANCE,O,True,1071.3500000,
DAMB MINOR,5,SJH,DAL. AMBULATORY MINOR PROC,O,True,,
DAMB NURS,5,SJH,DAL. AMB NURSING PROCEDURES,O,True,1071.3500000,
DAMB OBS,5,SJH,DAL. OBS SCREENING,O,False,,
DAMB PODO,5,SJH,DALH. AMBULATORY PODOLOGY,O,True,,
DAMB SURG,5,SJH,DAL. AMBULATORY SURGICAL,O,True,,
DAMB URO,5,SJH,DAL. UROLOGY,O,True,,
DAMB WELL,5,SJH,DAL. WELLNESS CLINIC,O,True,,
DAMBDIABCT,5,SJH,DAL AMB DIAB TEACH TEL.CONT.,O,True,,
DAMBDIABVV,5,SJH,DAL AMB DIAB TEACH VIRT VISIT,O,True,,
DAMBULANCE,5,SJH,DAL. AMBULANCE SERVICES,D,True,1071.1854000,
DAUDIO,5,SJH,DAL. AUDIOLOGY,O,True,,
DBREASTSCR,5,SJH,DAL. BREAST SCREENING,O,False,,
DBSCREEN,5,SJH,DAL. BREAST SCREENING,O,False,,
DCARD,5,SJH,DAL. ELECTRODIAGNOSTICS,O,False,,
DCARDIO,5,SJH,DAL. ELECTRODIAGNOSTICS,O,True,,
DCCU,5,SJH,CONCENTRATED CARE UNIT,I,False,,1
DCHC ANTI,5,SJH,DAL. CHC  ANTICOAGULOTHERAPIE,O,False,,
DCHC BPCT,5,SJH,DAL.CHC BLOOD PRES TEL CONSULT,O,True,,
DCHC CP,5,SJH,DAL.CHC COLLABORATIVE PRACTICE,O,True,1571.5101800,
DCHC CPCT,5,SJH,DAL. CHC COLL PRAC TEL CONSULT,O,True,,
DCHC CPINT,5,SJH,DAL.CHC COLLAB.PRACT.INERNIST.,O,False,1571.5101800,
DCHC CSC,5,SJH,DAL. CHC CESSATION SMOKING CLI,O,True,,
DCHC CSCCT,5,SJH,DAL.CHC CES SMOK TEL CONSULT,O,True,,
DCHC INR,5,SJH,DAL. CHC  ANTICOAGULOTHERAPIE,O,True,,
DCHC SH,5,SJH,DAL. CHC SEXUAL HEALTH,O,True,,
DCHC WI,5,SJH,DAL. RISSP ABERDEEN CLINIC,O,True,1571.5101510,
DCHC WICT,5,SJH,DAL.RISSP ABERDEEN TEL CONSULT,O,True,,
DCHCC BP,5,SJH,DAL. CHC BLOOD PRESSURE CLINIC,O,True,,
DCLI ALLER,5,SJH,DAL. ALLERGY CLINIC,O,True,,
DCLI CARD,5,SJH,DAL. CARDIOLOGY CLINIC,O,False,,
DCLI DERM,5,SJH,DAL. DERMATOLOGY CLINIC,O,True,,
DCLI GERI,5,SJH,DAL. GERIATRIC CLINIC,O,True,,
DCLI GI,5,SJH,DAL. GASTROENTEROLOGY CLINIC,O,False,,
DCLI GSUCT,5,SJH,DAL CLIN. GEN. SURG CONS.TEL,O,True,1071.3500000,
DCLI GSURG,5,SJH,DAL. GENERAL SURGERY CLINIC,O,True,1071.3500000,
DCLI GYN,5,SJH,DAL. GYNECOLOGY CLINIC,O,True,,
DCLI INT,5,SJH,DAL. INTERNAL MEDECINE CLINIC,O,True,,
DCLI NEURO,5,SJH,DAL. NEUROLOGY CLINIC,O,True,,
DCLI ORL,5,SJH,DAL. OTOLARYNGOLOGY CLINIC,O,True,,
DCLI ORTCT,5,SJH,DAL. ORTHOPEDICS CLI TEL.CONT,O,True,,
DCLI ORTHO,5,SJH,DAL. ORTHOPEDIC CLINIC,O,True,,
DCLI PAC,5,SJH,DAL. PREADM ANAES CLINIC,O,False,,
DCLI PED,5,SJH,DAL. PEDIATRIC CLINIC,O,True,,
DCLI PHYS,5,SJH,DAL. PHYSIATRY CLINIC,O,True,,
DCLI PMK,5,SJH,DAL. PACEMAKER CLINIC,O,True,,
DCLI PODO,5,SJH,DALH. PODOLOGY CLINIC,O,False,,
DCLI PSY,5,SJH,DAL. PSYCHIATRY CLINIC,O,True,,
DCLI PULM,5,SJH,DAL. PULMONARY CLINIC,O,True,,
DCLI RESP,5,SJH,DAL. RESPIRATORY CLINIC,O,False,,
DCLI RHEU,5,SJH,DAL. RHEUMATOLOGY CLINIC,O,True,,
DCLI URO,5,SJH,DAL. UROLOGY CLINIC,O,True,1071.3500000,
DCLI UROCT,5,SJH,DAL.UROLOGY CLINIC TEL.CONT.,O,True,1071.3500000,
DCNEP,5,SJH,DAL.CL.PROTECTION RENALE,O,True,1071.3408610,
DCNEPCT,5,SJH,DAL.C.PROT. RENALE CONS.TELE,O,True,,
DCOMDIAB,5,SJH,DALHOUSIE COMMUNITY DIABETIC,O,True,1571.5092000,
DCOMDIABCT,5,SJH,DAL. COMMUNITY DIAB TEL.CONSUL,O,True,1571.5092000,
DCOMDIABVV,5,SJH,DAL. COMMUNITY DIAB VIRT.VISIT,O,True,1571.5092000,
DCOMMDIS,5,SJH,DAL. COMMUNICATION DISORDERS,O,True,,
DCONT,5,SJH,DAL. CONTINENCY PROGRAM,O,True,,
DCS,5,SJH,DAL. CENTRAL STORES,D,True,,
DCSR,5,SJH,DAL. CENTRAL PROCESSING,D,True,,
DDAYSURG,5,SJH,DAL. DAY CARE SURGERY,O,False,,
DDCS,5,SJH,DAL. DAY CARE SURGERY,O,False,,
DDIAGIMAG,5,SJH,DAL. DIAGNOSTIC IMAGING,D,True,,
DDIAL,5,SJH,DAL. HEMODIALYSIS,O,True,1071.3408610,
DDIALCT,5,SJH,DAL. HEMODIALYSIS TEL.CONS.,O,True,1071.3408610,
DDIALVV,5,SJH,DAL. DIALYSIS VIRTUAL VISIT,O,False,,
DDIET,5,SJH,DAL. DIETETICS,O,True,,
DDIET CLAS,5,SJH,DAL. DIET CLASSROOM,O,True,,
DDIET1,5,SJH,DAL NUTRITION CLINIC - DIABETE,O,True,,
DDIETCT,5,SJH,SJH DIETETICS TEL. CONTACT,O,True,,
DDIETDIAB,5,SJH,DAL. DIET DIABETIC,O,True,,
DDIETDIACT,5,SJH,DAL.DIET.DIABETIC.CONT.TELEPH,O,True,,
DDIETDIAVV,5,SJH,DAL.DIET DIAB VIRTUAL VISIT,O,True,,
DDIETVV,5,SJH,DAL. DIETETICS VIRTUAL VISITS,O,True,,
DDISPLAN,5,SJH,DAL. DISCHARGE PLANNING,D,True,,
DDOM,1,GDH,DIALYSE DOMICILE 4F,O,True,102.713408650,7
DDOMBOUD,1,GDH,DDOM DR LUC BOUDREAU,O,False,102.713408650,7
DDOMCT,1,GDH,DDOM CONSEIL TELEPHONIQUE,O,True,102.713408650,7
DDOMDO,1,GDH,DDOM DR DO,O,False,102.713408650,7
DDOME,1,GDH,DIAL DOMICILE ENTRAINEMENT,O,False,102.713408650,7
DDOME1,1,GDH,DIAL DOMICILE ENTRAINEMENT 1(I,O,False,,7
DDOMHOP,1,GDH,INACTIFDIAL.DOM.HOP. (CONS)(I),O,False,,7
DDOMSI,1,GDH,DDOM SUIVI INFIRMIER (4F),O,False,102.713408650,7
DDSI,1,GDH,INFACT DDOM. FAIT SOINS IN.(I),O,False,,7
DDUR,1,GDH,INACTIF DIAL.DOM.FAIT L'URG.(I,O,False,,7
DDVAC,1,GDH,INACTIF DIAL.DOM. PT VACANCE,O,False,,7
DECHO,5,SJH,DAL. ECHOCARDIOGRAPHY,O,True,,
DEDC,5,SJH,DAL. EATING DISORDER CLINIC,O,True,,
DELECTDIAG,5,SJH,DAL. ELECTRODIAGNOSTIC,O,False,,
DEMH,5,SJH,DAL. EXTRA MURAL HOSPITAL,D,True,1271.1109000,
DENVIRO,5,SJH,DAL. ENVIRONMENTAL SERVICES,D,True,,
DER,5,SJH,DAL. EMERGENCY,O,False,,
DERADMIT,5,SJH,DAL. ER ADMIT - NO BED,I,False,,9
DERM,1,GDH,DERMATOLOGIE,O,True,102.713501040,9
DESASTRE,1,GDH,DESASTRE (CODE ORANGE),O,False,,0
DHEALTH,5,SJH,DAL. EMPLOYEE HEALTH,O,True,,
DHEART FCT,5,SJH,DAL. HEART FUNC CL CONS. TEL,O,True,,
DHEART FNC,5,SJH,DAL. HEART FUNCTION CLINIC,O,True,,
DHR,5,SJH,DAL. HEALTH RECORDS,D,True,,
DIA,1,GDH,DIALYSE (I),O,False,,
DIET,1,GDH,DIETETIQUE,D,True,,
DINER,5,SJH,DAL.INPATIENTS ER,I,False,,5
DISD,5,SJH,DAL. STEP DOWN BEDS,I,False,,2
DJRH,5,SJH,JACQUET RIVER - DOCTOR VISIT,O,True,,
DJRH AUDIO,5,SJH,JACQUET RIVER - AUDIOLOGY,O,True,,
DJRH COMMD,5,SJH,JACRIV-COMMUNICATION DISORDERS,O,True,,
DJRH DIAB,5,SJH,JACQUET RIVER - DIABETIC TEACH,O,True,,
DJRH GERI,5,SJH,JACQUET RIVER - GERIATRIC CLIN,O,True,,
DJRH PODO,5,SJH,JACQUET RIVER - PODOLOGY,O,True,,
DJRH RHEU,5,SJH,JACQUET RIVER -RHEUMATOLOGY CL,O,True,,
DJRH SS,5,SJH,JACQUET RIVER -SOCIAL SERVICES,O,True,,
DJRH WELL,5,SJH,JACQUET RIVER - WELLNESS CLINC,O,True,,
DJRHCT,5,SJH,JR-DOCTOR VISIT TEL CONSULT,O,True,,
DJRHDIABCT,5,SJH,JACQUET RIVER DIAB TEL.CONT.,O,True,,
DJRHDIABVV,5,SJH,JACQUET RIVER DIAB VIRT. VISIT,O,True,,
DJRHDIET,5,SJH,JACQUET RIVER - DIET VISIT,O,True,,
DJRHDIETCL,5,SJH,JRHC DIET CLASSROOM,O,True,,
DJRHL,5,SJH,JACQUET RIVER - LAB VISIT,O,True,,
DJRHN,5,SJH,JACQUET RIVER - NURSE VISIT,O,True,,
DJRHNP,5,SJH,JACQUET RIVER - NURSE PRACT.,O,True,,
DJRHNPCT,5,SJH,JR-NURSE PRACT. TEL CONSULT,O,True,,
DLAB,5,SJH,DAL. LABORATORY SERVICE,D,True,,
DLIB,5,SJH,DAL. LIBRARY,D,False,,
DMEDICARE,5,SJH,NO VALID MEDICARE #,O,True,,
DNURADMIN,5,SJH,DAL. NURSING ADMINISTRATION,D,True,1071.1700000,
DNUROTHER,5,SJH,DAL. NURSING OTHER,D,True,,
DOBS POST,5,SJH,DAL. POST PARTUM PROGRAM,O,True,,
DOBS WELLB,5,SJH,DAL. OBSWELL PROGRAM,O,True,,
DOM,1,GDH,DIALYSE A DOMICILE (I),O,False,,
DONSORG,1,GDH,DONS D'ORGANE            (PHA),O,True,102.712052060,6
DOPD,5,SJH,DAL' OUTPATIENT DEPARTMENT,O,False,,
DOT,5,SJH,DAL. OCCUPATIONAL THERAPY,O,True,,
DPAL,5,SJH,DAL. PALLIATIVE CARE,I,True,1071.2900000,1
DPANDCOMM,5,SJH,DALH. PANDEMIC in COMMUNITY,O,True,,
DPANDEMIE,5,SJH,DALH. PANDEMIC LOCATION,O,True,,
DPASTORAL,5,SJH,DAL. PASTORAL CARE,D,True,,
DPDOM,1,GDH,DIALYSE PERITONIALE A DOMICILE,O,True,102.713408650,7
DPDOMCT,1,GDH,DIALYSE PERITO DOMICILE C.TEL,O,True,102.713408650,7
DPEDTEAM,5,SJH,DALHOUSIE PEDIATRIC TEAM,O,True,,
DPHARM,5,SJH,DAL. PHARMACY,D,False,,
DPHYDIABOS,5,SJH,DAL PHYSIO DIABETE OFFSITE,O,True,1071.4500000,
DPHYPLT,5,SJH,DAL. PHYSICAL PLANT-MAINT.,D,True,,
DPHYSIO,5,SJH,DAL. PHYSIOTHERAPY,O,True,1071.4500000,
DPHYSIOCT,5,SJH,DAL.PHYSIOTHERAPY TEL. CONTACT,O,True,1071.4500000,
DPHYSIOVV,5,SJH,DAL. PHYSIOTHERAPY VIRT. VISIT,O,True,0171.4500000,
DPRND,5,SJH,DAL. PROG. NAVIGATEUR DEMENCE,O,True,0171.5800011,
DPRNDCT,5,SJH,DAL.PROG.NAVIG.DEMENC.CONT.TEL,O,True,0171.5800011,
DPRNDDOM,5,SJH,DAL.PROG.NAVI.DEMEN.A DOMICILE,O,True,0171.5800011,
DPSYCHO,5,SJH,DAL. PSYCHOLOGY,O,True,1071.4750000,
DRESP,5,SJH,DAL. RESPIRATORY THERAPY,O,True,,
DRESP ASTH,5,SJH,DAL. RESPIRATORY ASTHMA,O,False,,
DRESP PULM,5,SJH,DAL. RESP. PULMONARY PROGRAM,O,True,,
DRESP PUTH,5,SJH,DAL.RESP.PULMONARY TELEHEALTH,O,True,0171.4354200,
DRESPCT,5,SJH,DAL. RESP.THERAPY TEL.CONTACT,O,True,,
DRESPVV,5,SJH,DAL. RESP.THERAPY VIRT.VISIT,O,True,,
DRMC,5,SJH,DAL. REVENUE MGT. CENTER,D,True,1071.1160000,
DSC,5,SJH,DAL. SPECIMEN COLLECTION,O,True,1071.4102000,
DSOCIALSER,5,SJH,DAL. SOCIAL SERVICES,O,False,,
DSS,5,SJH,DAL. SOCIAL SERVICES,O,True,,
DSSCT,5,SJH,DAL.SOC.SERVICES.TELE.CONTACT,O,True,,
DSSVV,5,SJH,DAL.SOC.SERVICES.VITUAL.VISIT,O,True,,
DTELECOM,5,SJH,DAL. TELECOMMUNICATION,D,True,,
DTELHEALTH,5,SJH,DAL. TELEHEALTH,O,True,,
DTRIAGE,5,SJH,DAL. TRIAGE,D,False,,
DULTSOUND,5,SJH,DAL. ULTRASOUND,O,False,,
DUS,5,SJH,DAL. ULTRA SOUND,O,True,,
DVA,1,GDH,ANCIENS COMBATANTS (I),I,False,,1
DVISIT,5,SJH,CANCELLED VISIT,O,True,,
DXRAY,5,SJH,DAL. XRAY,O,True,,
DYOUTH MOT,5,SJH,DAL. MOTIVACTIONYOUTH,O,True,,
E ADM,4,HRE,ADMISSION/ADMISSION,D,False,,
E AJC,4,HRE,ADMISSION JOUR CHIRURGIE,I,False,,9
E ALL,4,HRE,ALLERGY/ALLERGIE,O,False,,
E AMNIO,4,HRE,AMNIOCENTESIS/AMNIOCENTESE,O,False,,
E AR,4,HRE,ACCOUNT RECEIVABLE/COMPTES REC,D,False,,
E AUDIO,4,HRE,AUDIOLOGY/AUDIOLOGIE,O,False,,
E BCSS,4,HRE,BREAST CA SCREEN./CL.CA SEINS,O,False,,
E BIOMED,4,HRE,BIOMEDICAL/BIOMEDICAL,D,False,,
E BLOCANES,4,HRE,ANESTHESIA BLOCK/BLOC ANESTHES,O,False,,
E CENTRE,4,HRE,CENTRE D'UN JOUR PSYCHIATRIQUE,O,False,,
E CLMATERN,4,HRE,MATERNITY CLINIC/CLIN DEPT MAT,O,False,,
E CNEP,4,HRE,CLIN. PROTECTION RENALE,O,True,0171.10.3408500,
E CNEPCT,4,HRE,CLIN. PROTECTION REN. CONT.TEL,O,True,0171.10.3408500,
E COAG,4,HRE,ANTICOAGULATION THERAPY/ANTICO,O,False,,
E COMDIAB,4,HRE,DIABETIC CASE MANAGER,O,False,,
E COMMUNIC,4,HRE,COMMUNICATION/COMMUNICATION,D,False,,
E DADM,4,HRE,ADMISSION,D,True,,
E DARC,4,HRE,ARCHIVES CLINIQUES/CLINICAL RE,D,True,,
E DAUD,4,HRE,AUDIOLOGIE/AUDIOLOGY,D,True,,
E DAVC,4,HRE,COORDONNATRICE STRATEGIE AVC,D,True,,
E DBEN,4,HRE,BENEVOLES PAST/VOLUNTEERS PAST,D,True,,
E DBIO,4,HRE,INGENIERIE CLINIQUE,D,True,,
E DBUA,4,HRE,BUANDERIE/LAUNDRY,D,True,,
E DCAR,4,HRE,CARDIOLOGIE/CARDIOLOGY,D,True,,
E DCOM,4,HRE,COMMUNICATION,D,True,,
E DDIR,4,HRE,DIRECTION,D,True,,
E DEDU,4,HRE,SERVICE D'EDUCATION,D,True,,
E DENM,4,HRE,ENTRETIEN MENAGER/HOUSEKEEPING,D,True,,
E DERG,4,HRE,ERGOTHERAPIE/OCCUPATIONAL THER,D,True,,
E DERM,4,HRE,DERMATOLOGY/DERMATOLOGIE,O,False,,
E DEXM,4,HRE,EXTRA-MURAL,D,False,,
E DFIN,4,HRE,FINANCES-COMPTABILITE,D,True,,
E DFON,4,HRE,FONDATION HRE/HRE FOUNDATION,D,True,,
E DGEM,4,HRE,GESTION DU MATERIEL/ACHATS,D,False,,
E DGIQ,4,HRE,GESTION INT QUALITE/QUALITY CO,D,True,,
E DIAB,4,HRE,DIABETIC CLINIC/CL DIABETIQU,O,False,,
E DIALPECT,4,HRE,DIALYSE PERITONEAL CONT.TEL,O,True,0171.10.3408500,
E DIALPER,4,HRE,DIALYSE PERITONEALE,O,True,0171.10.3408500,
E DIMM,4,HRE,IMAGERIE MEDICALE/MEDICAL IMAG,D,True,,
E DINF,4,HRE,INFORMATION,D,False,,
E DINM,4,HRE,INSTALLATION MATERIELLE/PLANT,D,True,,
E DISCHPL,4,HRE,DISCHARGE PLANNING/PLAN DEPART,D,False,,
E DLAB,4,HRE,LABORATOIRE/LABORATORY,D,True,,
E DMAG,4,HRE,MAGASIN/STORE,D,True,,
E DMOR,4,HRE,MORGUE,D,True,,
E DNUT,4,HRE,SERVICE DE NUTRITION CLINIQUE,D,True,,
E DORT,4,HRE,ORTHOPHONIE/SPEECH THERAPY,D,True,,
E DPEC,4,HRE,PERCEPTION DES COMPTES/BAR,D,True,,
E DPHA,4,HRE,PHARMACIE/PHARMACY,D,True,,
E DPHY,4,HRE,PHYSIOTHERAPIE/PHYSIOTHERAPY,D,True,,
E DPRI,4,HRE,PREVENTION INFECTIONS/INFEC CO,D,True,,
E DPSO,4,HRE,PSYCHOLOGIE/PSYCHOLOGY,D,True,,
E DREA,4,HRE,READAPTATION CARDIAQUE,D,True,,
E DREC,4,HRE,RECREOLOGIE,D,True,,
E DRUG,4,HRE,DRUG DEPENDENCY/TOXICOMANIE,O,False,,
E DS,4,HRE,DAY SURGERY/SOINS CHIR 1 JOUR,O,False,,
E DSEA,4,HRE,SERVICE ALIMENTAIRE/FOOD SERV,D,True,,
E DSEC,4,HRE,SERVICE STERILISATION CENTRALE,D,True,,
E DSES,4,HRE,SERVICE SOCIAL/SOCIAL SERVICE,D,True,,
E DSIG,4,HRE,SERVICE INFORMATIQUE GESTION,D,True,,
E DSOI,4,HRE,SOINS INFIRMIERS,D,True,,
E DSOP,4,HRE,SALLE OPERATION/OPERATING ROOM,D,True,,
E DSPED,4,HRE,SURGICAL DAY CARE PEDIATRIC,O,False,,
E DTEL,4,HRE,TELESANTE A L'URGENCE,D,True,,
E DTHR,4,HRE,THERAPIE RESPIRATOIRE,D,True,,
E DTRAUMA,4,HRE,INFIRMIERE RESSOURCE TRAUMA NB,D,True,,
E DURG,4,HRE,DEPT URGENCE/EMERGENCY DEPT,D,True,,
E DUSP,4,HRE,DEPT USP/SOINS PALLIATIFS,D,False,,
E ECG,4,HRE,ELECTROCARDIOLOGY/ECG,O,False,,
E ECHO,4,HRE,ECHOCARDIOGRAPHY/ECHOCARDIO,O,False,,
E EEG,4,HRE,ENCEPHALOGRAPHY/EEG,O,False,,
E ENV,4,LAB,ENVIRONNEMENT,O,False,,
E ER,4,HRE,EMERGENCY/URGENCE,O,False,,
E FONDHRE,4,HRE,FONDATION HRE/FONDATION HRE,D,False,,
E FOODSRV,4,HRE,FOOD SERVICES/SERVICE ALIMENT,D,False,,
E GASTRO,4,HRE,GASTROENTEROLOGY/GASTROENTERO,O,False,,
E HDDOM,4,HRE,HEMODIALYSE A DOMICILE,O,True,0171.10.3408520,
E HDDOMCT,4,HRE,HEMODIALYSE DOMICILE CONT. TEL,O,True,0171.10.3408520,
E HDIAL,4,HRE,HEMODIALYSE,O,True,0171.10.3408520,
E HDIALCT,4,HRE,HEMODIALYSE CONT. TELEPHONIQUE,O,True,0171.10.3408520,
E HK,4,HRE,HOUSEKEEPING/ENTRETIEN MENAGER,D,False,,
E IAJC,4,HRE,ADM JOUR CHIR/SAME DAY ADM,I,True,,1
E ICHI1,4,HRE,CHIRURGIE 1/SURGERY 1,I,True,,1
E ICHI2,4,HRE,CHIRURGIE 2/SURGERY 2,I,True,,1
E ICU,4,HRE,INTENSIVE CARE UNIT/SOINS INT,I,False,,7
E IGYO,4,HRE,GYNECO-OBSTETRIQUE/OBST-GYNECO,I,True,,3
E IMED1,4,HRE,MEDECINE 1/MEDICINE 1,I,True,,2
E IMED2,4,HRE,****NE PAS REACTIVER****,I,False,,2
E INEO,4,HRE,NEONATOLOGIE POUP,I,True,,3
E INEOPED,4,HRE,NEONATOLOGIE PED,I,False,,3
E INFO,4,HRE,INFORMATION/INFORMATION,D,False,,
E IPAL,4,HRE,SOINS PALLIATIFS,I,True,,8
E IPED,4,HRE,PEDIATRIE/PEDIATRICS,I,True,,3
E IPED2,4,HRE,UNITE PEDIATRIQUE 2E ETAGE,I,False,,3
E IPEDOPSY,4,HRE,PEDO/PSYCHIATRIE,I,True,,5
E IPOU,4,HRE,POUPONNIERE/NURSERY,I,True,,3
E IPSY,4,HRE,PSYCHIATRIE/PSYCHIATRICS,I,True,,5
E IREA,4,HRE,HEBERGEMENT SINISTRE,I,False,,1
E IREAD,4,HRE,UNITE READAPTATION/REHAB,I,True,,8
E ISIP,4,HRE,SOINS INTENSIFS PED/PED ICU,I,True,,3
E ITEST46,4,HRE,TEST 4.6,I,False,,9
E IUMF,4,HRE,UNITE MULTIFONCTIONNELLE,I,True,,2
E IURG,4,HRE,URGENCE OBSERVE/IN,I,True,,6
E IUSI,4,HRE,UNITE SOINS INTENSIFS/ICU,I,True,,7
E IUSP,4,HRE,UNITE SOINS PROLONGES/LT,I,True,,8
E LAB,4,LAB,LABORATORY/LABORATOIRE,O,False,,
E LAUNDRY,4,HRE,LAUNDRY/BUANDERIE,D,False,,
E LT,4,HRE,LONG TERM/USP,I,False,,8
E MATINST,4,HRE,MATERIAL INSTALLATION/INST MAT,D,False,,
E MDC,4,HRE,MEDICAL DAY CARE/SOINS MED 1 J,O,False,,
E MED1,4,HRE,MEDICAL 1/MEDECINE 1,I,False,,2
E MED2,4,HRE,MEDICAL 2/MEDECINE 2,I,False,,2
E MORGUE,4,HRE,MORGUE/MORGUE,D,False,,
E MR,4,HRE,MEDICAL RECORDS/ARCHIVES,D,False,,
E MSUR,4,HRE,MINOR SURGERY/CHIRURGIE MINEUR,O,False,,
E MTREAT,4,HRE,MINOR TREATMENT/TRAITEMENT MIN,O,False,,
E NEO,4,HRE,NEONATOLOGY/NEONATOLOGIE,I,False,,9
E NEOPED,4,HRE,NEO PED,I,False,,4
E NURS,4,HRE,NURSERY/POUPONNIERE,I,False,,9
E NUTR,4,HRE,NUTRITION CLINIC/CL NUTRITION,O,False,,
E OALL,4,HRE,ALLERGIE/ALLERGY,O,True,0171.10.3501020,
E OALP,4,HRE,ALLERGIE PEDIATRIQUE,O,True,0171.10.3300000,
E OANT,4,HRE,ANTICOAGULANT/ANTICOAGULATION,O,True,0171.10.3501025,
E OAUD,4,HRE,AUDIOLOGIE/AUDIOLOGY,O,True,0171.10.4604000,
E OBAR,4,HRE,CLINIQUE BARIATRIQUE,O,True,0171.10.3501095,
E OBART,4,HRE,CLINIQUE BARIATRIQUE TELEPHONE,O,True,0171.10.3501095,
E OBARV,4,HRE,CLINIQUE BARIATRIQUE VIRTUELLE,O,True,0171.10.3501095,
E OBLA,4,HRE,BLOC ANESTHESIQUE/DOULEUR,O,True,0171.10.3501075,
E OBLAAT,4,HRE,BLOC ANESTHE/DOULEUR APPEL TEL,O,True,0171.10.3501075,
E OBS,4,HRE,OBSTETRICAL CLINIC/CLIN OBS,O,False,,
E OBSE,4,HRE,BUREAU SANTE EMPLOYE/EMPLOYEE,O,True,0171.10.1206000,
E OBSGYN,4,HRE,OBSTETRIC-GYNECOLOGY/GYN OBS,I,False,,3
E OBSGYNCL,4,HRE,OBSGYN CLINIC/CLINIQUE GYNOBS,O,False,,
E OCAP,4,HRE,CL CARDIOLOGIE PED/CARDIO PED,O,True,0171.10.3509500,
E OCAR,4,HRE,CARDIOLOGIE/CARDIOLOGY,O,True,0171.10.4302090,
E OCARPADO,4,HRE,CARDIO PACE DOMICILE,O,True,0171.10.4302090,
E OCCPD,4,HRE,DEPISTAGE CANCER DU COLON,O,True,0171.10.3505500,
E OCCTH,4,HRE,OCCUPATIONAL THERAPY/ERGO,O,False,,
E OCHM,4,HRE,CHIRURGIES MINEURES/MINOR SURG,O,True,0171.10.3501530,
E OCJP,4,HRE,CENTRE JOUR PSYCH**DEMENAGE**,O,False,,
E OCLCATHS,4,HRE,CLINIQUE CATARACTE HORS SITE,O,True,,
E OCLKINCT,4,HRE,CLIN.KINESIOLOGIE CONT.TEL,O,True,,
E OCLKINE,4,HRE,CLINIQUE KINESIOLOGIE,O,True,0171.10.2052010,
E OCLKINET,4,HRE,CLIN.KINESIOLOGIE CONT.TEL,O,False,0171.10.2052010,
E OCMR,4,HRE,CUEILLETTE MALADIE RENALE,O,True,0171.10.3408520,
E OCSHM,4,HRE,CENTRE DE SANTE HAUT MADAWASKA,O,True,0171.10.3502500,
E OCSHMPAN,4,HRE,CLI HAUT MADAWASKA PANDEMIE,O,True,,
E OCSSA,4,HRE,CLINIQUE DE SANTE STE-ANNE,O,True,0171.35.5170000,
E OCUS,4,HRE,CUEILLETTE SPECIMEN COLLECTION,O,True,0171.10.4102005,
E OCUSSRV,4,HRE,CUEILLETTE SPECIMEN SANS RDV,O,True,0171.10.4102005,
E ODCS,4,HRE,CL DEPISTAGE CA SEIN/BREAST CA,O,False,,
E ODER,4,HRE,DERMATOLOGIE/DERMATOLOGY,O,True,0171.10.3501040,
E ODIA,4,HRE,CL DIABETIQUE/DIABETIC CL,O,True,0171.10.3504020,
E ODIACT,4,HRE,CL DIABETIQUE CONT TELEPHONIQU,O,True,,
E ODIANUT,4,HRE,CL DIABETE/NUTRITION,O,True,,
E ODIANUTT,4,HRE,CL DIABETE/NUTRITION TELEPHONE,O,True,,
E ODIANUTV,4,HRE,CL DIABETE/NUTRITION VIRTUELLE,O,True,,
E ODIAVV,4,HRE,CL DIABETIQUE VISITE VIRTUELLE,O,True,,
E OECHOCAR,4,HRE,ECHOGRAHIE CARDIAQUE,O,True,0171.10.4302020,
E OERG,4,HRE,ERGOTHERAPIE/OCCUPATIONAL TH,O,True,0171.10.4550000,
E OERGVV,4,HRE,ERGOTHERAPIE VISITE VIRTUELLE,O,True,,
E OEVG,4,HRE,EVALUATION GYNECOLOGIQUE/GY EV,O,True,0171.10.2502000,
E OFOP,4,HRE,CL FONCTION PULMONAIRE,O,False,,
E OGAS,4,HRE,GASTRO-ENTEROLOGIE/GASTROENTER,O,True,0171.10.3501050,
E OGER,4,HRE,CLINIQUE GERIATRIQUE,O,True,0171.10.3300000,
E OGRO,4,HRE,EVAL. GROSSESSE/PREGNANT EVAL.,O,True,0171.10.3505000,
E OGYO,4,HRE,CL GYNECO-OBST/OBST-GYNECO CL,O,True,0171.10.3503500,
E OGYOTEL,4,HRE,TELE SANTE GYNECO-OBST/OBST-GY,O,True,0171.10.3503500,
E OHTA,4,HRE,CL HAUTE TENS. ART./HIGH BL.PR,O,True,0171.10.3300000,
E OIMM,4,HRE,IMAGERIE MEDICALE/MEDICAL IMAG,O,True,0171.10.4152020,
E OINF,4,HRE,CL INFECTIOLOGIE,O,True,0171.10.3501030,
E OINSCAR,4,HRE,CL INSUFFISANCE CARDIAQUE,O,True,,
E OINSCART,4,HRE,CL INSUF. CARDIAQUE TELEPHONE,O,True,,
E OIVRS,4,HRE,IVRS,O,True,0171.10.3300000,
E OLAB,4,HRE,LABORATOIRE/LABORATORY,O,False,,
E OLIT,4,HRE,CL LITHOTRIPSIE/LITHOTRIPSY,O,True,0171.10.3404000,
E OMAR,4,HRE,MALADIES RENALES/RENAL DISEASE,O,True,0171.10.3408500,
E OMEE,4,HRE,CL MERE-ENFANT/MOM-BABY CL,O,True,0171.10.3505000,
E ONCO,4,HRE,ONCOLOGY/ONCOLOGIE,O,False,,
E ONEP,4,HRE,CL NEURO EN PEDIATRIE/NEURO PE,O,True,0171.10.3509500,
E ONSA,4,HRE,CL NEUROLOGIE AUX SOINS AMB.,O,True,0171.10.3509500,
E ONSAVV,4,HRE,CL NEURO SOINS AMB V VIRTUELLE,O,True,0171.10.3509500,
E ONUT,4,HRE,CL NUTRITION/NUTRITION CL,O,True,0171.10.4450000,
E ONUTCT,4,HRE,CL NUTRITION CONT.TELEPHONIQUE,O,True,,
E ONUTVV,4,HRE,CL NUTRITION VISITE VIRTUELLE,O,True,,
E OOBS,4,HRE,CL OBSTETRIQUE/OBSTETRICAL CL,O,True,0171.10.3505000,
E OONC,4,HRE,ONCOLOGIE/ONCOLOGY,O,True,0171.10.3505500,
E OONCCT,4,HRE,ONCOLOGIE CONT.TEL,O,True,0171.10.3505500,
E OONNAV,4,HRE,ONCOLOGIE INF.NAV.,O,True,0171.10.3505500,
E OONNAVCT,4,HRE,ONCOLOGIE INF.NAV.CONT.TEL.,O,True,0171.10.3505500,
E OOPH,4,HRE,OPHTALMOLOGIE/OPHTHALMOLOGY,O,True,0171.10.3506000,
E OOPIOID,4,HRE,TOXICO CLINIQUE OPIOIDS,O,True,0171.10.2757000,
E OORL,4,HRE,OTORHINOLARYNGOLOGIE/ORL,O,True,0171.10.3501525,
E OORT,4,HRE,ORTHOPHONIE/SPEECH THERAPY,O,True,0171.10.4602000,
E OORTHO,4,HRE,ORTHOPEDIE/ORTHOPEDICS,O,True,0171.10.3506500,
E OORTTEL,4,HRE,TELESANTE ORTOPHONIE,O,True,0171.10.4602000,
E OORTVV,4,HRE,ORTHOPHONIE VISITE VIRTUELLE,O,True,,
E OPED,4,HRE,CL PEDIATRIQUE/PEDIATRIC CL,O,True,0171.10.3507000,
E OPEM,4,HRE,ENREG RCR PEM - PTCT,O,True,,
E OPH,4,HRE,OPHTALMOLOGY/OPHTALMOLOGIE,O,False,,
E OPHY,4,HRE,PHYSIOTHERAPIE/PHYSIOTHERAPY,O,True,0171.10.4500000,
E OPHYCT,4,HRE,PHYSIO CONTACTE TELEPHONIQUE,O,True,,
E OPHYEVV,4,HRE,PHYSIO PED VISITE VIRTUELLE,O,True,,
E OPHYPCT,4,HRE,PHYSIO PED CONTACT TELEPHONE,O,True,,
E OPHYPEDC,4,HRE,PHYSIO PEDIATRIE COMMUNAUTAIRE,O,True,0171.10.4500000,
E OPHYPEVV,4,HRE,PHYSIO PED VISITE VIRTUELLE,O,True,,
E OPHYVV,4,HRE,PHYSIOTHERAPIE VISIT VIRTUELLE,O,True,,
E OPMDAT,4,HRE,PROG MAINT DOMICILE APPEL TEL,O,True,0171.10.1109000,
E OPMDCOM,4,HRE,PROG MAINT DOMICILE COMMUNAUTA,O,True,0171.10.1109000,
E OPPS,4,HRE,CLINIQUE PEDO-PSYCHIATRIE,O,True,0171.37.2753000,
E OPRA,4,HRE,PRE ADMISSION,O,True,0171.10.3501520,
E OPRE,4,HRE,CL PREANESTHESIE/PREANESTH CL,O,True,0171.10.3501520,
E OPREAT,4,HRE,CL PRE OPERATOIRE APPEL TEL.,O,True,0171.10.3501520,
E OPREVV,4,HRE,CL PRE OP VISITE VIRTUELLE,O,True,,
E OPRGPS,4,HRE,PROG GESTION PERSONNALISEE SVC,O,True,0171.10.5800010,
E OPRGPSAD,4,HRE,PRG GESTION PERSONNALISEE ADM,O,True,,
E OPRGPSCT,4,HRE,PROG GEST. PERS. SVC CONS.TELE,O,True,0171.10.5800010,
E OPRPEU,4,HRE,PROGRAMME POINT ENTREE UNIQUE,O,True,0171.10.5800030,
E OPRPEUCT,4,HRE,PROG. POINT ENTREE UNIQUE TEL.,O,True,0171.10.5800030,
E OPRPEUDO,4,HRE,PROG.POINT ENTREE UNI.DOMICILE,O,True,0171.10.5800030,
E OPRPEUVV,4,HRE,PROG.POINT ENTREE UNIQUE VIRT.,O,True,0171.10.5800030,
E OPSO,4,HRE,CL PSYCHOLOGIE/PSYCHOLOGY CL,O,True,0171.10.4750000,
E OPSOCT,4,HRE,PSYCHOLOGIE CONSULTE TEL,O,True,,
E OPSOVV,4,HRE,PSYCHOLOGIE VISITE VIRTUELLE,O,True,,
E OPSY,4,HRE,CL PSYCHIATRIQUE/PSYCHI CL,O,True,0171.37.3507610,
E OPSYTEL,4,HRE,TELESANTE PSYCHIATRIE,O,True,0171.37.3507610,
E OPUL,4,HRE,CL PULMONAIRE/PULMONARY CL,O,True,0171.10.4351000,
E OPULCT,4,HRE,CL PULMONAIRE CONT. TELEPHONE,O,True,,
E OPULREAD,4,HRE,CL READAPTATION PULMONAIRE,O,True,,
E OPULVV,4,HRE,CL PULMONAIRE VISITE VIRTUELLE,O,True,,
E OR,4,HRE,OPERATING ROOM/SALLE OPERATION,D,False,,
E OREATEL,4,HRE,TELESANTE READAPTATION,O,True,0171.10.3508500,
E OREC,4,HRE,READAPTATION CARDIAQUE,O,True,0171.10.3508500,
E ORECCT,4,HRE,READAPTATION CAR. CONTACT TEL.,O,True,,
E ORECRE,4,HRE,***NE PAS UTILISER***,O,False,,
E ORECRP,4,HRE,READ PULMONAIRE - EXERCICE,O,True,,
E OREH,4,HRE,CL REHABILITATION/REHAB CL,O,True,0171.10.3300000,
E ORHU,4,HRE,CL RHUMATOLOGIE,O,True,0171.10.3509510,
E ORL,4,HRE,OTORHINOLARYNGOLOGY/ORL,O,False,,
E ORTHO,4,HRE,ORTHOPEDICS/ORTHOPEDIE,O,False,,
E OSAF,4,HRE,CLINIQUE SANTE AU FEMININ,O,True,0171.10.3501070,
E OSAFAT,4,HRE,CL SANTE AU FEMININ APPEL TEL.,O,True,0171.10.3501070,
E OSCJ,4,HRE,SOINS CHIR JOUR/DAY SURGERY,O,True,0171.10.3402500,
E OSCL,4,HRE,CL SCLEROSE EN PLAQUE,O,True,0171.10.3509500,
E OSEI,4,HRE,CL DU SEIN/BREAST CL,O,False,,
E OSES,4,HRE,SERVICE SOCIAL/SOCIAL SERVICE,O,True,0171.10.4700000,
E OSESVV,4,HRE,SERVICE SOCIAL VIS. VIRTUELLE,O,True,,
E OSICERCT,4,HRE,SERV.INTERV.CRISE URG C.TEL,O,True,0171.10.3100000,
E OSMJ,4,HRE,SOINS MED JOUR/MED DAY CARE,O,True,0171.10.3501010,
E OSOP,4,HRE,SALLE OPERATION EXTERNE,O,False,,
E OSTA,4,HRE,CL STABILISATION/PSY,O,True,0171.37.3507610,
E OTELGEN,4,HRE,TELESANTE GENERAL,O,True,0171.10.3300000,
E OTELNSA,4,HRE,TELESANTE NEURO AUX SOINS AMB,O,True,0171.10.3509500,
E OTELONC,4,HRE,TELESANTE ONCOLOGIE,O,True,0171.10.3505500,
E OTFP,4,HRE,TEST FONCTION PULMONAIRE,O,True,0171.10.4354200,
E OTHR,4,HRE,THERAPIE RESPIRATOIRE/RESP,O,True,0171.10.4350000,
E OTOX,4,HRE,TOXICOMANIE/DRUG DEPENDENCY,O,True,0171.10.2754000,
E OTRM,4,HRE,TRAITEMENTS MINEURS/MINOR TR,O,True,0171.10.3580000,
E OURG,4,HRE,URGENCE/EMERGENCY,O,True,0171.10.3100000,
E OURO,4,HRE,CL UROLOGIE/UROLOGY CL,O,True,0171.10.3509000,
E OVIT,4,HRE,CL VITAL / VITAL CL,O,True,0171.10.3509500,
E OVITTEL,4,HRE,TELESANTE CLIN. VITAL,O,True,0171.10.3300000,
E PANDDOM,4,HRE,PANDEMIE DEPISTAGE A DOMICILE,O,True,0171.10.3300000,
E PANDEMIE,4,HRE,CLINIQUE PANDEMIQUE,O,True,0171.10.3300000,
E PANDEMOF,4,HRE,CLINIQUE PANDEMIQUE OVERFLOW,O,True,,
E PANDEMP,4,HRE,PANDEMIE DEPISTAGE EMPLOYES,O,True,,
E PANDPREO,4,HRE,PANDEMIE PRE-OPERATOIRE,O,True,,
E PAST,4,HRE,PASTORAL/PASTORAL,D,False,,
E PED,4,HRE,PEDIATRICS/PEDIATRIE,I,False,,4
E PED ADU,4,HRE,PEDIATRICS ADULT/PED ADULTE,I,False,,4
E PEDCL,4,HRE,PEDIATRIC CLINIC/CLINIQUE PED,O,False,,
E PHAR,4,HRE,PHARMACY/PHARMACIE,D,False,,
E PHYSIO,4,HRE,PHYSIOTHERAPY/PHYSIOTHERAPIE,O,False,,
E PICU,4,HRE,PEDIATRIC INTENSIVE CARE UNIT,I,False,,4
E PREANES,4,HRE,PRE ANESTHESIA/PRE ANESTHESIE,O,False,,
E PREINFEC,4,HRE,PREVENTION INFECTION/PRE INFE,D,False,,
E PSYCH,4,HRE,PSYCHIATRICS/PSYCHIATRIE,I,False,,5
E PSYCHCL,4,HRE,PSYCHIATRIC CLINIC/CLIN PSYCL,O,False,,
E PSYCHO,4,HRE,PSYCHOLOGY/PSYCHOLOGIE,O,False,,
E RD,4,HRE,RENAL DISEASE/MALADIE RENALE,O,False,,
E REC,4,LAB,RECHERCHE,O,False,,
E RESP,4,HRE,RESPIRATORY THERAPY/INHALO,O,False,,
E RISMA,4,HRE,RISQUE MANAGEMENT/GESTION RISQ,D,False,,
E SCH,4,HRE,***NE PAS UTILISER***,O,True,,
E SOP,4,HRE,***NE PAS UTILISER***,O,True,,
E SPEECH,4,HRE,SPEECH THERAPY/ORTHOPHONIE,O,False,,
E SS,4,HRE,SOCIAL SERVICE/SERVICE SOCIAL,O,False,,
E SSTO,4,HRE,TOXICOMANIE INTERNE,I,True,,9
E STERIL,4,HRE,STERILISATION/STERILISATION,D,False,,
E SURG1,4,HRE,SURGERY 1/CHIRURGIE 1,I,False,,1
E SURG2,4,HRE,SURGERY 2/CHIRURGIE 2,I,False,,1
E TRANS,4,HRE,TRANSFERT PATIENT ROOM,I,False,,9
E TRANSP,4,HRE,CLIN. TRANPLANTATION RENALE,O,True,0171.10.3408500,
E TRANSPCT,4,HRE,CLIN.TRANSPLANT.RENALE CON.TEL,O,True,0171.10.3408500,
E URO,4,HRE,UROLOGY CLINIC,O,False,,
E VET,4,LAB,VETERINAIRES,O,False,,
E VOLUNT,4,HRE,VOLUNTEER/BENEVOLE,D,False,,
E XAUT,4,HRE,AUTRE/OTHER,O,True,,
E XBAT,4,HRE,HOPITAL REGIONAL BATHURST,O,True,,
E XBUM,4,HRE,BUREAU DE MEDECIN,O,True,,
E XCAM,4,HRE,HOPITAL REGIONAL CAMPBELLTON,O,True,,
E XCAR,4,HRE,HOPITAL CARAQUET,O,True,,
E XCCM,4,HRE,CENTRE CORRECTIONNEL DU MADAWA,O,True,,
E XCCNB,4,HRE,COLLEGE COMMUNAUTAIRE NB,O,True,,
E XCHM,4,HRE,CLINIQUE DU HAUT MADAWASKA,O,True,,
E XCPS,4,HRE,CLINIQUE PSYCHO-SOCIALE,O,True,,
E XCRE,4,HRE,CENTRE DE READAPTATION CARD,O,True,,
E XCRS,4,HRE,CLINIQUE RENAISSANCE SANTE,O,True,,
E XCSS,4,HRE,CENTRE DE SANTE SEXUELLE,O,True,,
E XCSSA,4,HRE,CENTRE DE SANTE STE ANNE,O,True,,
E XCUSL,4,HRE,C.U.S.L.M. BUREAU DE SANTE,O,True,,
E XCUSLM,4,HRE,SERVICE DE SANTE C.U.S.L.M.,O,False,,
E XENV,4,LAB,ENVIRONNEMENT EDMUNDSTON,O,True,,
E XENVBLOC,4,LAB,ENVIRONNEMENT BLOC EDMUNDSTON,O,True,,
E XEXM,4,HRE,EXTRA-MURAL,O,False,,
E XFDB,4,HRE,FOYER DOMAINE DES BATISSEUR,O,True,,
E XFND,4,HRE,FOYER NOTRE DAME,O,True,,
E XFRED,4,HRE,HOPITAL CHALMERS FREDERICTON,O,True,,
E XFSE,4,HRE,FOYER STE-ELIZABETH INC,O,True,,
E XFSJ,4,HRE,FOYER ST-JOSEPH,O,True,,
E XFVD,4,HRE,FOYER VILLA DESJARDINS,O,True,,
E XGLD,4,HRE,HOPITAL GEORGE L DUMONT,O,True,,
E XHAM,4,HRE,CLINIQUE DU HAUT MADAWASKA,O,False,,
E XHDS,4,HRE,HOTEL DIEU DE ST-BASILE,O,True,,
E XHEM,4,HRE,HOPITAL EXTRA MURAL,O,True,,
E XHVE,4,LAB,HOPITAL VETERINAIRE,O,True,,
E XLAB,4,LAB,LABORATOIRE EDMUNDSTON,O,True,,
E XLAM,4,HRE,HOPITAL LAMEQUE,O,True,,
E XMOR,4,HRE,PATIENTS MORGUE,O,True,,
E XPAT,4,HRE,PATHOLOGIE,O,False,,
E XPATE,4,HRE,PATHOLOGIE EDMUNDSTON,O,True,,
E XPATG,4,HRE,PATHOLOGIE GRAND SAULT,O,True,,
E XPATQ,4,HRE,PATHOLOGIE ST QUENTIN,O,True,,
E XPHA,4,LAB,PHARMACIE EDMUNDSTON,O,True,,
E XPRI,4,LAB,TEST PRIVE/PRIVATE TEST,O,True,,
E XPROF,4,LAB,LAB PROFICIENCY TESTING ONLY,D,True,,
E XRAY,4,HRE,RADIOLOGY/IMAGERIE MEDICALE,O,False,,
E XREC,4,LAB,RECHERCHE EDMUNDSTON,O,True,,
E XRSI,4,HRE,RESEAU SERVICES INTEGRES,O,True,,
E XRSIDEP,4,HRE,RESEAU SERV.INTEGRES DEPANNAGE,O,True,,
E XSACM,4,HRE,STE ANNE (AUTRES MEDECINS),O,True,,
E XSCD,4,HRE,SANTE COMMUNAUTAIRE DALHOUSIE,O,True,,
E XSPE,4,HRE,SANTE PUBLIQUE EDMUNDSTON,O,True,,
E XSSUCED,4,HRE,SERVICE DE SANTE UMCE/CCNB ED,O,True,,
E XSTA,4,HRE,CENTRE DE SANTE STE ANNE,O,False,,
E XSTO,4,HRE,SERVICE DE TOXICOMANIE,O,True,,
E XTRA,4,HRE,HOPITAL TRACADIE,O,True,,
E XVET,4,LAB,VETERINAIRES EDMUNDSTON,O,True,,
E XVON,4,HRE,V.O.N.,O,True,,
E ZMIS,4,HRE,****NE PAS UTILISER****,O,True,,
E ZMOR,4,HRE,MORGUE SINISTRE,O,False,,
E ZZZ,4,HRE,CONVERSION BAR,O,False,,
E ZZZZ,4,HRE,CONVERSION BAR,O,False,,
EB,1,GDH,EX.M.BLANC.BOURGEOIS,O,True,110.715301010,9
ECG,1,GDH,ELECTROCARDIOGRAMME (ECG),O,True,102.714302090,0
ECHO,1,GDH,ECHOCARDIOGRAPHIE,O,True,102.714302020,3
ED,1,GDH,EX.M.DRISCOLL UNIT,O,True,,9
EDM,1,GDH,HOP. EDMUNDSTON,O,False,,9
EDU,1,GDH,EDUCATION,D,True,,
EDX,1,GDH,ELECTRODIAGNOSTIC,D,True,,
EEG,1,GDH,ELECTROENCEPHALOGRAMME (EEG),O,True,102.714250000,0
EEGN,1,GDH,EEG NOCTURNE,O,True,102.714250000,0
EEGP,1,GDH,ELECTROENCEPHALOGRAMME PED,O,True,102.714250000,0
EM,1,GDH,ENTRETIEN MENAGER,D,True,,
EMB,1,EMB,EXTRA-MURAL BLANCHE BOURGEOIS,O,True,,1
EMG,1,GDH,ELECTROMYOGRAPHIE (EMG),O,True,102.714250000,0
EMK,1,EMK,EXTRA-MURAL STELLA MARIS KENT,O,True,,1
EMP,5,EMP,EXTRA-MURAL PROGRAM,O,False,,
EMS,1,EMS,EXTRA-MURAL SHEDIAC,O,True,,1
EMTREAT,4,HRE,MINOR TREATMENT**INACTIVE**,O,False,,
ENDO,1,GDH,ENDOCRINOLOGIE (I),O,False,,
EP,1,GDH,ECOLE PROVIDENCE,D,True,,
ER,5,CRH,EMERGENCY ROOM- DO NOT USE,I,False,,1
ERG,1,GDH,ERGOTHERAPIE,O,True,102.714550000,2
ERGCT,1,GDH,ERGOTHERAPIE CONT.TELEPHONIQUE,O,True,,2
ERGPEDCOCT,1,GDH,ERGO PED COMM.CONS.TEL.,O,True,102.714550000,0
ERGPEDCOMD,1,GDH,ERGO PED COMMUNAUTAIRE DUMONT,O,True,102.714550000,0
ERGPEDCOVV,1,GDH,ERGO PED COMM.VIS.VIRTUELLE,O,True,102.714550000,0
ERGVV,1,GDH,ERGOTHERAPIE VISITE VIRTUELLE,O,True,,2
ES,1,GDH,EX.M.SHEDIAC,O,True,111.715301010,9
FA,1,GDH,FOY. ASSOMPTION,O,False,,9
FRED,1,GDH,HOP. FREDERICTON,O,False,,9
FSA,1,GDH,FOY. ST-ANTOINE,O,True,102.910001140,9
FST,1,GDH,FOY. ST-THOMAS VALLEE,O,True,102.910001140,9
G ADM,4,HGS,ADMISSION/ADMISSION,D,False,,
G AR,4,HGS,ACCOUNT RECEIVABLE/COMPTE REC,D,False,,
G CCU,4,HGS,CONCENTRATED CARE UNIT/USC,I,False,,7
G COMDIAB,4,HGS,DIABETIC CASE MANAGER,O,True,0171.40.5092000,
G DADM,4,HGS,ADMISSION,D,True,,
G DARC,4,HGS,ARCHIVES CLINIQUES/CLINICAL RE,D,True,,
G DAUD,4,HGS,AUDIOLOGIE/AUDIOLOGY,D,True,,
G DAVC,4,HGS,COORDONNATRICE STRATEGIE AVC,D,True,,
G DBUA,4,HGS,BUANDERIE/LAUNDRY,D,True,,
G DCAR,4,HGS,CARDIOLOGIE/CARDIOLOGY,D,True,,
G DENM,4,HGS,ENTRETIEN MENAGER/HOUSEKEEPING,D,True,,
G DERG,4,HGS,ERGOTHERAPIE/OCCUPATIONAL TH,D,True,,
G DERM,4,HGS,DERMATOLOGY/DERMATOLOGIE,O,False,,
G DEXM,4,HGS,HOPITAL EXTRA-MURAL,D,False,,
G DIAB CL,4,HGS,DIABETIC CLINIC/CL DIABETIQUE,O,False,,
G DIET,4,HGS,DIET/DIETETIQUE **INACTIVE**,O,False,,
G DIET CL,4,HGS,DIET/DIETETIQUE,O,False,,
G DIMM,4,HGS,IMAGERIE MEDICALE/MEDICAL IMAG,D,True,,
G DINF,4,HGS,INFORMATION,D,False,,
G DINM,4,HGS,INSTALLATION MATERIELLE/PLANT,D,True,,
G DLAB,4,HGS,LABORATOIRE/LABORATORY,D,True,,
G DMAG,4,HGS,MAGASIN/STORE,D,True,,
G DMOR,4,HGS,MORGUE,D,True,,
G DNUT,4,HGS,SERVICE DE NUTRITION CLINIQUE,D,True,,
G DORT,4,HGS,ORTHOPHONIE/SPEECH THERAPY,D,True,,
G DPAS,4,HGS,PASTORALE,D,True,,
G DPEC,4,HGS,PERCEPTION DES COMPTES/BAR,D,True,,
G DPHA,4,HGS,PHARMACIE/PHARMACY,D,True,,
G DPHY,4,HGS,PHYSIOTHERAPIE/PHYSIOTHERAPY,D,True,,
G DRU,4,HGS,DRUG DEPENDENCY/TOXICOMANIE,O,False,,
G DS,4,HGS,DAY SURGERY/SOINS CHIR JOUR,O,False,,
G DSEA,4,HGS,SERVICE ALIMENTAIRE/FOOD SERV,D,True,,
G DSEC,4,HGS,SERVICE CENTRAL/CENTRAL SERV,D,True,,
G DSES,4,HGS,SERVICE SOCIAL/SOCIAL SERVICE,D,True,,
G DSOI,4,HGS,SOINS INFIRMIERS,D,True,,
G DSOP,4,HGS,SALLE OPERATION/OPERATING ROOM,D,True,,
G DSTE,4,HGS,STERILISATION CENTRALE,D,True,,
G DTEL,4,HGS,TELESANTE A L'URGENCE,D,True,,
G DTHR,4,HGS,THERAPIE RESPIRATOIRE/RESP,D,True,,
G DURG,4,HGS,DEPT. URGENCE,D,True,,
G ECG,4,HGS,ELECTROCARDIOLOGY/ECG,O,False,,
G ENV,4,LAB,ENVIRONNEMENT,O,False,,
G ER,4,HGS,EMERGENCY/URGENCE,O,False,,
G ER ROD,4,HGS,ER REFERRED OTHER DOCTOR,O,False,,
G GYN CL,4,HGS,GYNECOLOGY CLINIC/CLIN GYN,O,False,,
G HK,4,HGS,HOUSEKEEPING/ENT MENAGE,D,False,,
G ICHI,4,HGS,CHIRURGIE/SURGERY,I,False,,1
G IMAT,4,HGS,MATERNITE/MATERNITY,I,False,,3
G IMED,4,HGS,****NE PAR REACTIVE****,I,False,,2
G IMEG,4,HGS,MEDECINE-GYNECO,I,False,,3
G IMUF1,4,HGS,UNITE MULTI FONCTIONNELLE,I,False,,1
G IMUF2,4,HGS,UNITE MULTI FONCTIONNELLE,I,False,,1
G INFO,4,HGS,INFORMATION/INFORMATION,D,False,,
G INT CL,4,HGS,INTERNAL MED CLIN/CLIN MED INT,O,False,,
G IOBV,4,HGS,OBSERVATION,I,False,,8
G IPED,4,HGS,PEDIATRIE/PEDIATRICS,I,False,,4
G IPOU,4,HGS,POUPONNIERE/NURSERY,I,True,,9
G ITEST46,4,HGS,TEST 4.6,I,False,,9
G IUMF1,4,HGS,UNITE MULTIFONCTIONNELLE 1,I,True,,1
G IUMF2,4,HGS,UNITE MULTIFONCTIONNELLE 2,I,True,,1
G IUMF3,4,HGS,UNITE MULTIFONCTIONNELLE 3,I,False,,1
G IURG,4,HGS,URGENCE OBSERVE/IN,I,True,,6
G IUSC,4,HGS,UNITE SOINS CONCENTRES/CCU,I,True,,7
G KNIT,4,HGS,KITCHEN/CUISINE,D,False,,
G LAB,4,LAB,LABORATORY/LABORATOIRE,O,False,,
G LAUNDRY,4,HGS,LAUNDRY/BUANDERIE,D,False,,
G MAIN,4,HGS,MAINTENANCE/MAINTENANCE,D,False,,
G MAT,4,HGS,MATERNITY/MATERNITE,I,False,,3
G MED,4,HGS,MEDICAL/MEDECINE,I,False,,2
G MED GYN,4,HGS,MEDECINE GYNECOLOGY/MED GYN,I,False,,3
G MR,4,HGS,MEDICAL RECORD/ARCHIVES,D,False,,
G NURS,4,HGS,NURSERY/POUPONNIERE,I,False,,9
G NUTR,4,HGS,NUTRITION CLINIC/CL NUTRITION,O,False,,
G OANT,4,HGS,ANTICOAGULANT/ANTICOAGULATION,O,True,0171.40.3300000,
G OAUD,4,HGS,AUDIOLOGIE/AUDIOLOGY,O,True,0171.10.4604000,
G OBSE,4,HGS,BUREAU SANTE EMPLOYE/EMPLOYEE,O,True,0171.10.1206000,
G OBSERV I,4,HGS,OBSERVATION IN/OBSERV INT,D,False,,
G OBSERV O,4,HGS,OBSERVATION OUT/OBSERV EXTERNE,O,False,,
G OCAR,4,HGS,CARDIOLOGIE/CARDIOLOGY,O,True,0171.40.4302090,
G OCCPD,4,HGS,DEPISTAGE CANCER DU COLON,O,True,0171.40.3300000,
G OCCTH,4,HGS,OCCUPATIONAL THERAPY/ERGO,O,False,,
G OCHM,4,HGS,CHIRURGIES MINEURES/MINOR SURG,O,True,0171.40.3300000,
G OCIP,4,HGS,CLINIQUE INF. PRATICIENNE,O,True,0171.40.3300000,
G OCMR,4,HGS,CUEILLETTE MALADIE RENALE,O,True,0171.40.3300000,
G OCUS,4,HGS,CUEILLETTE SPECIMEN COLLECTION,O,True,0171.40.4100000,
G OCUSSRV,4,HGS,CUEILLETTE SPECIMEN SANS RDV,O,True,0171.40.4100000,
G ODCS,4,HGS,CL DEPISTAGE CA SEIN/BREAST CA,O,False,,
G ODER,4,HGS,DERMATOLOGIE/DERMATOLOGY,O,True,0171.40.3300000,
G ODIA,4,HGS,CL DIABETIQUE/DIABETIC CL,O,True,0171.40.3504020,
G ODIACT,4,HGS,CL DIABETIQUE CONT TELEPHONIQU,O,True,,
G ODIANUT,4,HGS,CL DIABETE/NUTRITION,O,True,,
G ODIANUTT,4,HGS,CL DIABETE/NUTRITION TELEPHONE,O,True,,
G ODIANUTV,4,HGS,CL DIABETE/NUTRITION VIRTUELLE,O,True,,
G ODIAVV,4,HGS,CL DIABETIQUE VISITE VIRTUELLE,O,True,,
G OEND,4,HGS,CL ENDOCRINOLOGIE/ENDROCRINOLO,O,True,0171.40.3300000,
G OERG,4,HGS,ERGOTHERAPIE/OCCUPATIONAL TH,O,True,0171.40.4550000,
G OERGVV,4,HGS,ERGOTHERAPIE VISITE VIRTUELLE,O,True,,
G OEVG,4,HGS,EVALUATION GYNECOLOGIQUE/GYN,O,True,0171.40.3300000,
G OEVP,4,HGS,EVALUATION PEDIATRIQUE/PED EVA,O,True,0171.40.3300000,
G OGAS,4,HGS,GASTRO-ENTEROLOGIE/GASTROENTER,O,True,0171.40.3300000,
G OGER,4,HGS,CLINIQUE GERIATRIQUE,O,True,0171.40.3300000,
G OGYN,4,HGS,CL GYNECO-OBST/OBST-GYNECO CL,O,True,0171.40.3300000,
G OGYOTEL,4,HGS,TELE SANTE GYNECO-OBST/OBST-GY,O,True,0171.40.3300000,
G OHTA,4,HGS,CL HAUTE TENS. ART./HIGH BL.PR,O,True,0171.40.3501060,
G OIMM,4,HGS,IMAGERIE MEDICALE/MEDICAL IMAG,O,True,0171.40.4150000,
G OINFAT,4,HGS,CL INFECTIOLOGIE APPEL TEL,O,True,,
G OINSCAR,4,HGS,CL INSUFFISANCE CARDIAQUE,O,True,,
G OLAB,4,HGS,LABORATOIRE/LABORATORY,O,False,,
G OMAR,4,HGS,MALADIES RENALES/RENAL DISEASE,O,True,0171.40.3300000,
G OMEE,4,HGS,CL MERE-ENFANT/MOM-BABY CL,O,True,0171.40.3300000,
G OMEI,4,HGS,CL MEDECINE INTERNE/INT MED CL,O,False,,
G OMOTIV,4,HGS,CLINIQUE MOTIVACTION,O,True,0171.40.5102015,
G ONUT,4,HGS,CL NUTRITION/NUTRITION CL,O,True,0171.40.4450000,
G ONUTCT,4,HGS,CL NUTRITION CONT.TELEPHONIQUE,O,True,,
G ONUTVV,4,HGS,CL NUTRITION VISITE VIRTUELLE,O,True,,
G OOBV,4,HGS,OBSERVATION,O,False,,
G OONC,4,HGS,ONCOLOGIE/ONCOLOGY,O,True,0171.40.3505500,
G OOPH,4,HGS,OPHTALMOLOGIE/OPHTHALMOLOGY,O,True,0171.40.3300000,
G OOPHCAT,4,HGS,CL OPHTALMO CATARACTE,O,True,,
G OORL,4,HGS,OTORHINOLARYNGOLOGIE/ORL,O,True,0171.40.3300000,
G OORT,4,HGS,ORTHOPHONIE/SPEECH THERAPY,O,True,0171.40.4602000,
G OORTHO,4,HGS,ORTHOPEDIE/ORTHOPEDICS,O,True,0171.40.3300000,
G OPD,4,HGS,OUT PATIENT DEPT/SERVICE EXTER,O,False,,
G OPDIN,4,HGS,OUT PATIENT DEPT IN/INTERNE,I,False,,8
G OPED,4,HGS,CL PEDIATRIQUE/PEDIATRIC CL,O,True,0171.40.3300000,
G OPEM,4,HGS,ENREG RCR PEM - PTCT,O,True,,
G OPH,4,HGS,OPHTALMOLOGY/OPHTALMOLOGIE,O,False,,
G OPHY,4,HGS,PHYSIOTHERAPIE/PHYSIOTHERAPY,O,True,0171.40.4500000,
G OPHYCT,4,HGS,PHYSIO CONTACTE TELEPHONIQUE,O,True,,
G OPHYPCT,4,HGS,PHYSIO PED CONTACTE TELEPHONE,O,True,,
G OPHYPEDC,4,HGS,PHYSIO PEDIATRIE COMMUNAUTAIRE,O,True,0171.40.4500000,
G OPHYPEVV,4,HGS,PHYSIO PED VISITE VIRTUELLE,O,True,,
G OPHYVV,4,HGS,PHYSIOTHERAPIE VISIT VIRTUELLE,O,True,,
G OPMDAT,4,HGS,PROG MAIN DOMICILE APPEL TEL,O,True,0171.10.1109000,
G OPMDCOM,4,HGS,PROG MAINT DOMICILE COMMUNAUTA,O,True,0171.10.1109000,
G OPRA,4,HGS,PRE ADMISSION,O,True,0171.40.3300000,
G OPRE,4,HGS,CL PREANESTHESIE/PREANESTH CL,O,True,0171.40.3300000,
G OPSY,4,HGS,CL PSYCHIATRIQUE/PSYCH CL,O,True,0171.37.3507610,
G OPSYTEL,4,HGS,TELE SANTE PSYCHIATRIQUE/PSYCH,O,True,0171.37.3507610,
G OPUL,4,HGS,CL PULMONAIRE/PULMONARY CL,O,True,0171.40.4350000,
G OPULCT,4,HGS,CL PULMONAIRE CONT. TELEPHONE,O,True,,
G OPULREAD,4,HGS,CL READAPTATION PULMONDAIRE,O,True,,
G OPULVV,4,HGS,CL PULMONAIRE VISITE VIRTUELLE,O,True,,
G OR,4,HGS,OPERATING ROOM/SALLE OPERATION,D,False,,
G OREATEL,4,HGS,TELESANTE READAPTATION,O,True,0171.40.3508500,
G OREC,4,HGS,READAPTATION CARDIAQUE,O,True,0171.40.3508500,
G ORECCT,4,HGS,READAPTATION CAR. CONTACT TEL.,O,True,,
G OREF,4,HGS,REFERE AUTRE MED,O,False,,
G OREH,4,HGS,CL REHABILITATION/REHAB CL,O,True,0171.40.3508500,
G ORHE,4,HGS,CL RHUMATOLOGIQUE/RHEUMATO CL,O,True,0171.40.3300000,
G ORL,4,HGS,OTORHINOLARYNGOLOGY/ORL,O,False,,
G OSCJ,4,HGS,SOINS CHIR JOUR/DAY SURGERY,O,True,0171.10.3300000,
G OSEE,4,HGS,**SERVICE EXTERNE/OPD**,O,False,,
G OSEI,4,HGS,CL DU SEIN/BREAST CL,O,False,,
G OSES,4,HGS,SERVICE SOCIAL/SOCIAL SERVICE,O,True,0171.40.4700000,
G OSESVV,4,HGS,SERVICE SOCIAL VIS. VIRTUELLE,O,True,,
G OSICERCT,4,HGS,SERV.INTERV.CRISE URG C.TEL,O,True,0171.40.3100000,
G OSMJ,4,HGS,SOINS MED JOUR/MED DAY CARE,O,True,0171.40.3300000,
G OSTA,4,HGS,CL STABILISATION,O,True,0171.37.3507610,
G OTELGEN,4,HGS,TELESANTE GENERAL,O,True,0171.40.3300000,
G OTFP,4,HGS,TEST FONCTION PULOMONAIRE,O,True,0171.40.4354200,
G OTHR,4,HGS,THERAPIE RESPIRATOIRE/RESP TH,O,True,0171.40.4350000,
G OTOX,4,HGS,TOXICOMANIE/DRUG DEPENDENCY,O,True,0171.40.3300000,
G OTRM,4,HGS,TRAITEMENTS MINEURS/MINOR TR,O,True,0171.40.3300000,
G OURG,4,HGS,URGENCE/EMERGENCY,O,True,0171.40.3100000,
G OURO,4,HGS,CL UROLOGIE/UROLOGY CL,O,True,0171.40.3300000,
G OVITTEL,4,HGS,TELESANTE CLIN. VITAL,O,True,0171.40.3300000,
G PANDDOM,4,HGS,PANDEMIE A DOMICILE,O,True,0171.40.3300000,
G PANDEMIE,4,HGS,CLINIQUE PANDEMIQUE,O,True,0171.40.3300000,
G PAST,4,HGS,PASTORALE/PASTORALE,D,False,,
G PED,4,HGS,PEDIATRICS/PEDIATRIE,I,False,,4
G PED CL,4,HGS,PEDIATRIC CLINIC/CLN PED,O,False,,
G PHAR,4,HGS,PHARMACY/PHARMACIE,D,False,,
G PHY,4,HGS,PHYSIOTHERAPY/PHYSIO,O,False,,
G REC,4,LAB,RECHERCHE,O,False,,
G RESP,4,HGS,RESPIRATORY THERAPY/INALO,O,False,,
G RHEU,4,HGS,RHEUMATOLOGY/RHEUMATOLOGIE,O,False,,
G SCH,4,HGS,********NE PAS UTILISER*******,O,True,,
G SOP,4,HGS,***NE PAS UTILISER***,O,True,,
G SPEECH,4,HGS,SPEECH THERAPY/ORTHOPHONIE,O,False,,
G SS,4,HGS,SOCIAL SERVICE/TRAV SOCIALE,O,False,,
G STERIL,4,HGS,STERILIZATION/STERILIZATION,D,False,,
G SURG,4,HGS,SURGICAL/CHIRURGIE,I,False,,1
G TRANS,4,HGS,TRANSFERT PATIENT ADMISSION,I,False,,9
G VET,4,LAB,VETERINAIRES,O,False,,
G XAUT,4,HGS,AUTRE/OTHER,O,True,,
G XBUM,4,HGS,BUREAU DE MEDECIN,O,True,,
G XCHM,4,HGS,CLINIQUE HYGIENE MENTALE,O,True,,
G XCPM,4,HGS,PERTH MEDICAL CLINIC,O,True,,
G XCSS,4,HGS,CENTRE DE SANTE SEXUELLE,O,True,,
G XCVE,4,LAB,CLINIQUE VETERINAIRE,O,True,,
G XENV,4,LAB,ENVIRONNEMENT GRAND SAULT,O,True,,
G XFND,4,HGS,FOYER NOTRE DAME ST LEONARD,O,True,,
G XFVHM,4,HGS,VILLA HUGUETTE H MICHAUD,O,True,,
G XHEM,4,HGS,HOPITAL EXTRA MURAL (GS),O,True,,
G XHEME,4,HGS,HOPITAL EXTRA MURAL (EDM),O,True,,
G XHEMP,4,HGS,HOPITAL EXTRA MURAL (PERTH),O,True,,
G XLAB,4,LAB,LABORATOIRE GRAND SAULT,O,True,,
G XMGS,4,HGS,MANOIR DE GRAND SAULT,O,True,,
G XPRI,4,LAB,TEST PRIVE/PRIVATE TEST,O,True,,
G XPROF,4,LAB,LAB PROFICIENCY TESTING ONLY,D,True,,
G XRAY,4,HGS,RADIOLOGY/RADIOLOGIE,O,False,,
G XREC,4,LAB,RECHERCHE GRAND SAULT,O,True,,
G XSACM,4,HRE,STE ANNE (AUTRES MEDECINS),O,False,,
G XVET,4,LAB,VETERINAIRES GRAND SAULT,O,True,,
G XVON,4,HGS,V.O.N.,O,True,,
G ZMIS,4,HGS,****NE PAS UTILISER****,O,True,,
G ZMOR,4,HGS,MORGUE SINISTRE,O,True,,
G ZZZ,4,HGS,CONVERSION BAR,O,False,,
G ZZZZ,4,HGS,CONVERSION BAR,O,False,,
GDDIR,4,HGS,DIRECTION,D,False,,
GDHPAP,1,GDH,GDH PAP TEST,O,True,102.713503510,0
GDHPAPCT,1,GDH,GDH PAP CONSEIL TELEPHONIQUE,O,True,102.713503510,0
GDHPAPESS,1,GDH,CLI DE PESSAIRE,O,False,,0
GEI,1,GDH,GEST.ENT.IMMEUBLE,D,True,,
GERI,5,CRH,GERIATRIC MEDICINE/,I,False,,1
GSAU,1,GDH,HOP. GRAND-SAULT,O,False,,9
HACA1,5,RHC,RHC BOARD OF REVIEW A1       I,I,True,2071.2752100,1
HADMIN,5,RHC,RHC ADMINISTRAION,D,True,,
HCARDIO,5,RHC,RHC ELECTRODIAGNOSTICS,D,True,,
HCOMMDIS,5,RHC,RHC COMMUNICATION DISORDERS,D,True,,
HCRCB1,5,RHC,RHC COMM. REINT.CENTRE WARD B1,I,True,2071.2959000,4
HCRCB2,5,RHC,COMM. REINTG. CENTRE WARD B2,I,False,,4
HCRCB3,5,RHC,RHC COMM.REINT.CEN. WARD B3  I,I,True,2071.2959200,4
HD,1,GDH,LITS D'OBSERVATION HEMODIALYSE,O,False,,7
HDDOM,1,GDH,HEMODIALYSE A DOMICILE,O,True,102.713408650,7
HDDOMCT,1,GDH,DIALYSE A DOMICILE CONT.TEL.,O,True,,7
HDIAL,1,GDH,HEMODIALYSE,O,True,102.713408610,7
HDIAL1,1,GDH,HEMODIALYSE 1ERE VISITE,O,False,102.713408610,7
HDIAL1A,1,GDH,HEMODIALYSE 1ere VIS.AIGU (I),O,False,,7
HDIAL1AS,1,GDH,HEMOD. 1ere VIS.AIGU.SOINS (I),O,False,,7
HDIAL1IN,1,GDH,HEMODIALYSE 1 visite IN-PT,O,False,102.713408610,7
HDIALA,1,GDH,HEMODIALYSE AIGUE (I),O,False,,7
HDIALAS,1,GDH,HEMODIALYSE AIGU.SOINS (I),O,False,,7
HDIALCT,1,GDH,HEMODIALYSE CONSEIL TELEPHONE,O,True,102.713408610,7
HDIALE,1,GDH,HDIALYSE EVALUATION,O,False,102.713408610,7
HDIALI,1,GDH,HEMODIALYSE ISOLATION (I),O,False,,7
HDIALIN,1,GDH,HDIAL IN-PT,O,False,102.713408610,7
HDIALR,1,GDH,HEMODIALYSE RECHERCHE,O,False,,7
HDIALS,1,GDH,HEMODIALYSE SOINS INTENSIFS,O,False,102.713408610,7
HDIALS1,1,GDH,HEMO DIALYSE SALLE 1     (PHA),O,True,102.713408610,6
HDIALSA,1,GDH,HEMODIALYSE SEMI-AUTONOME,O,True,102.713408660,7
HDIALSA1,1,GDH,HEMO SEMI-AUTONOME 1ERE VIS(I),O,False,,7
HDIALSACT,1,GDH,HDIAL SEMI-AUTONOME CONS.TELE,O,True,102.713408660,7
HDIALSAD,1,GDH,HEMODIAL SEMI-AUTO DOMICILE,O,True,102.713408660,7
HDIALSAD1,1,GDH,"INACTIF HDIAL SEMI.A, DOM. 1 V",O,False,,7
HDIALSADOM,1,GDH,HEMODIAL SEMI-AUTO VISITE DOM,O,False,102.713408660,7
HDIALSAIN,1,GDH,HEMODIALYSE SEMI-AUTONIME IN-P,O,False,102.713408660,7
HDIALSE,1,GDH,HEMODIAL.SEM.AUTO ENTRAIN. (I),O,False,,7
HDIALSE1,1,GDH,HEMO.SEMI.AUTO.ENTRAINEM. 1(I),O,False,,7
HDIALTMH,1,GDH,"HDIAL,THE MONCTON HOSPITAL",O,False,102.713408610,7
HDIALTMHSI,1,GDH,HDIAL MONCTON HOSP. SUIVI INF.,O,False,102.713408610,7
HDIALV,1,GDH,HEMODIALYSE VACANCES,O,False,102.713408610,7
HDIET,5,RHC,RHC DIETETICS,D,True,,
HDIETC,5,RHC,RHC-DIETETIAN CONSULTATION,D,False,,
HEBER,1,GDH,HEBERGEMENT,D,True,,
HEEG,5,RHC,RHC ENCEPHALOGRAPHY,D,True,,
HEMA,1,GDH,HEMATOLOGIE              (PHA),O,True,102.714103000,6
HFIN,5,RHC,RHC FINANCE,D,True,,
HFOR,5,RHC,RHC FORENSIC UNIT C1         I,I,True,2071.2756000,1
HFORE,5,RHC,RHC FOR EVALUATION,I,True,2071.2756000,1
HFOREOCL,5,RHC,RHC FORE EVAL. OFFSITE CLIN,O,True,,
HFORR,5,RHC,RHC FOR REHABILITATION,I,True,2071.2752200,1
HFORS,5,RHC,RHC FOR STABILIZATION,I,True,2071.2752100,1
HHR,5,RHC,RHC HEALTH RECORDS,D,True,,
HHRPAND,5,RHC,HHR PANDEMIE,I,False,,1
HINFIR,5,RHC,RHC INFIRMARY,D,True,,
HNURADMIN,5,RHC,RHC NURSING ADMINISTRATION,D,True,2071.1700000,
HOPVB,1,GDH,HOPITAL VIRTUEL BEAUSEJOUR,O,True,102.713401000,8
HOPVBCT,1,GDH,HOP VIRTUEL BEAUSEJOUR CONSTEL,O,True,102.713401000,8
HOT,5,RHC,RHC OCCUPATIONAL THERAPY,D,True,,
HPANDEM,5,RHC,RHC PANDEMIC UNIT - B2,I,False,,9
HPANDEMIE,5,RHC,RHC UNITE PANDEMIE,I,True,2071.2801330,1
HPGB4,5,RHC,RHC PSYCHOGERIATRICS WARD B4 I,I,True,2071.2952000,3
HPGC1,5,RHC,RHC PSYCHOGERIATRICS WARD C1,I,False,2071.2952000,3
HPGC2,5,RHC,PSYCHOGERIATRICS WARD C2,I,False,,3
HPGC4,5,RHC,RHC PSYCHOGERIATRICS WARD C4,I,False,,3
HPHARM,5,RHC,RHC PHARMACY,D,True,,
HPHYSIO,5,RHC,RHC PHYSIOTHERAPY,D,True,,
HPSY,5,RHC,RHC-PSYCHOLOGY DEPARTMENT,D,False,,
HPSYCH,5,RHC,RHC PSYCHOLOGY DEPARTMENT,D,True,,
HPTRUST,5,RHC,RHC PATIENT TRUST,D,True,,
HRA2,5,RHC,RHC REHAB A-2                I,I,True,2071.2801200,2
HRA4,5,RHC,RHC REVIEW BOARD A4          I,I,True,2071.2752200,1
HRBC5,5,RHC,RHC REHAB C5,I,False,2071.2801200,2
HRC3,5,RHC,RHC REHABILITATION WARD C3   I,I,True,2071.2752300,2
HRC4,5,RHC,RHC REHABILITATION WARD C4   I,I,True,2071.2801300,2
HRD1,5,RHC,REHABILITATION WARD D1,I,False,,2
HRD2,5,RHC,RHC REHABILITATION WARD D2,I,False,,2
HRD2OVF,5,RHC,RHC - REHAB D2 OVERFLOW,I,False,,5
HRD4,5,RHC,REHABILATATION WARD D4,I,False,,2
HRD5,5,RHC,RHC REHABILITATION WARD D5,I,False,,2
HRD5OCF,5,RHC,RHC- REHAB. WARD OVERFLOW,I,False,,5
HRD5OVF,5,RHC,RHC - REHAB D5 OVERFLOW,I,False,,5
HREC,5,RHC,RHC RECREOLOGY,D,True,,
HSOCIALSER,5,RHC,RHC SOCIAL SERVICES,D,False,,
HSS,5,RHC,RHC SOCIAL SERVICES,D,True,,
HTCR,5,RHC,RHC Reintegration,I,True,2071.2801200,2
HTCRG,5,RHC,RHC Reintegration - Group Home,I,True,2071.2801210,2
HTELECOM,5,RHC,RHC TELECOMMUNICATIONS,D,True,,
HTGER,5,RHC,RHC GERIATRIC REHABILITATION,I,True,2071.2952000,3
HTLTR,5,RHC,RHC CONTINUOUS REHABILITATION,I,True,2071.2959200,4
HTREH,5,RHC,RHC REHABILITATION,I,True,2071.2752300,2
HUM,1,GDH,HUMATROPE (I),O,False,,
ICU,5,CRH,INTENSIVE CARE UNIT,I,False,,1
IMP,1,GDH,IMPRIMERIE,D,True,,
INFO,1,GDH,INFORMATIQUE,D,True,,
INFOTEST,1,GDH,INFORMATIQUE TESTING,D,True,,
INGMED,1,GDH,INGENIERIE CLINIQUE,D,True,,
INH,1,GDH,INHALOTHERAPIE,D,True,,
INHCT,1,GDH,Inhalo contact telephonique,O,True,102.714352500,2
INHVV,1,GDH,INHALO VISITE VIRTUELLE,O,True,,2
INTCLI,4,HSQ,***INACTIVE**,O,False,,
IRM,1,GDH,IMAGERIE RESONNANCE MAGNETIQUE,O,True,102.714157000,3
IRMB,1,GDH,INS. RECH. MEDICALE BEAUSEJOUR,D,True,,
IS,5,CRH,C'TON INFORMATION SYSTEMS,D,True,,
KAD,1,SMK,ADMINISTRATION (SMK),D,True,,
KADDUIN,5,CRH,C'TON ADDU INPATIENT,I,True,0171.2754000,9
KADDUOUT,5,CRH,C'TON ADDU OUT-PATIENT,O,True,0171.3507642,
KADM,1,SMK,ADMISSION (SMK),D,True,,
KADM,5,CRH,C'TON ADMITTING,D,True,0171.1800000,
KADMIN,5,CRH,C'TON ADMINISTRATION,D,True,,
KADMUR,1,SMK,ADMISSION D'URGENCE (SMK),I,True,,5
KAGING,5,CRH,C'TON HEALTHY AGING / WELLNESS,O,True,0171.2951100,
KAGINGCT,5,CRH,C'TON HEALTHY AGING TEL.CONT,O,True,0171.2951100,
KAMB,5,CRH,C'TON - AMBULATORY CARE,I,False,,1
KAMB ANGIO,5,CRH,C'TON AMBULATORY ANGIOGRAPHY,O,True,0171.3500000,
KAMB BIO,5,CRH,C'TON BIOPHYSICAL PROFILE,O,False,0171.3500000,
KAMB CARE,5,CRH,C'TON AMBULATORY CARE,D,True,0171.3500000,
KAMB CHEMO,5,CRH,C'TON CHEMOTHERAPY (3RD FLOOR),O,False,0171.3406600,
KAMB CHEMP,5,CRH,C'TON AMB.CARE CHEMO PEDS,O,False,0171.3406600,
KAMB CRECT,5,CRH,C'TON CARDIAC REHAB TEL.CONTAC,O,True,0171.3500100,
KAMB CREH,5,CRH,C'TON AMBULATORY CARDIAC REHAB,O,True,0171.3500100,
KAMB CREHP,5,CRH,C'TON AMBUL. CARD. REHAB PULM.,O,True,0171.3500100,
KAMB DRESS,5,CRH,C'TON AMB. DRESSING/SUTURES,O,True,0171.3500000,
KAMB ENDO,5,CRH,C'TON ENDOSCOPY SUITE,O,True,0171.3500000,
KAMB GI,5,CRH,C'TON GASTROINTESTINAL,O,True,0171.3500000,
KAMB IV,5,CRH,C'TON AMBULATORY IV THERAPY,O,True,0171.3500000,
KAMB IVACC,5,CRH,C'TON IV ACCESS MAINT  3RD FLR,O,False,0171.3406600,
KAMB IVONC,5,CRH,CRH ONCOLOGY IV THERAPY,O,False,0171.3406600,
KAMB IVPED,5,CRH,C'TON AMBULATORY PEDIV THERAPY,O,True,0171.3500000,
KAMB IVZ/A,5,CRH,C'TON AMB.IV ZOMETA/AREDIA 3RD,O,False,0171.3406600,
KAMB KFO,5,CRH,C'TON AMB.KEEP FOR OBSERVATION,O,True,0171.3500000,
KAMB MINOR,5,CRH,C'TON AMBULATORY MINOR PROC,O,True,0171.3500000,
KAMB NURS,5,CRH,C'TON AMB. NURSING PROCEDURES,O,True,0171.3500000,
KAMB OBS,5,CRH,C'TON OBS SCREENING,O,False,,
KAMB PAIN,5,CRH,C'TON AMB. PAIN PROCEDURES,O,True,0171.3500000,
KAMB PEDCT,5,CRH,C'TON PT EDUC DIAB TEL.CONSULT,O,True,0171.3504020,
KAMB PEDOS,5,CRH,C'TON PT EDUCATION OSTOMY,O,True,0171.3500000,
KAMB PEDS,5,CRH,C'TON AMB CARE PEDS - ELRIFY,O,True,0171.3500000,
KAMB PEDUC,5,CRH,C'TON PT EDUCATION DIABETIC,O,True,0171.3504020,
KAMB PEDVV,5,CRH,C'TON PT EDUC DIAB VIRT.VISIT,O,True,0171.3504020,
KAMB URODY,5,CRH,C'TON AMB. URODYNAMIC PROC,O,True,0171.3500000,
KAMB VF,5,CRH,C'TON AMBULATORY VISUAL FIELD,O,True,0171.3500000,
KAMB WELL,5,CRH,C'TON WELLNESS CLINIC,O,False,,
KAMBPEDUTH,5,CRH,C`TON AMB PEDUC TELEH ELM,O,True,0171.3500000,
KAMBVF,5,CRH,DO NOT USE,O,False,,
KARC,1,SMK,ARCHIVES MEDICALES (SMK),D,True,,
KAUDIO,5,CRH,C'TON AUDIOLOGY,O,True,0171.4604000,
KAUDIOCT,5,CRH,C'TON AUDIO TELEPHONE CONTACT,O,True,0171.4604000,
KAUDIOFC,5,CRH,C'TON AUDIOLOGY FAMILY CONSULT,O,True,0171.4604000,
KAUDIOVV,5,CRH,C'TON AUDIO VIRTUAL VISIT,O,True,0171.4604000,
KBBK,5,CRH,C'TON IMMUNOHEMATOLOGY,D,True,,
KBEN,1,SMK,BENEVOLES (SMK),D,True,,
KBIB,1,SMK,BIBLIOTHEQUE (SMK),D,True,,
KBIOMED,5,CRH,C'TON BIOMEDICAL ENGINEERING,D,True,,
KBM,1,SMK,BUREAU MEDECIN (SMK),O,True,,9
KBREASTSCR,5,CRH,C'TON BREAST SCREENING,O,False,,
KBSCREEN,5,CRH,C'TON BREAST SCREENING,O,False,,
KBUAN,1,SMK,BUANDERIE (SMK),D,True,,
KCAHP,5,CRH,C'TON COMMUNITY AT HOME PRGM,O,True,0171.5800010,
KCAHPCA,5,CRH,C'TON COMM.HOME PRGM CALL ADV.,O,True,0171.5800010,
KCARD,5,CRH,C'TON ELECTRODIAGNOSTICS,O,False,,
KCARDIO,1,SMK,CARDIOLOGIE (SMK),O,True,103.714302020,1
KCARDIO,5,CRH,C'TON ELECTRODIAGNOSTICS,O,True,0171.4302090,
KCARDIOCT,1,SMK,SMK CARDIOLOGIE CONS.TELPEPHON,O,True,,1
KCCHIR,1,SMK,CL. CHIRURGIE (SMK),O,False,,0
KCCM,1,SMK,COMMUNICATION (SMK) (I),D,False,,
KCDIAB,1,SMK,SMK CL. DIABETIQUE,O,True,103.713504020,0
KCDIABCT,1,SMK,SMK CLI DIAB CONSEIL TELE,O,True,103.713504020,0
KCDIABINCT,1,SMK,SMK CL. DIAB. INF. CONS.TEL.,O,True,,0
KCDIABINF,1,SMK,SMK CL DIABETIQUE INFIRMIERE,O,True,,0
KCDIABINVV,1,SMK,SMK CL DIAB INF VIS VIRTUELLE,O,True,,0
KCDIABSS,1,SMK,SMK CL.DIABETIQUE SERV.SOCIAL,O,False,,0
KCEE,1,SMK,SMK CLINIQUE EPREUVE EFFORT,O,True,103.714302090,0
KCENTRE,5,CRH,CENTRAL SCHEDULING,D,True,,
KCGYN,1,SMK,CL. GYNECOLOGIE (SMK),O,False,,0
KCHC INR,5,CRH,C'TON CRH ANTIGOAGULOTHERAPIE,O,True,0171.3500000,
KCHEM,5,CRH,C'TON CHEMISTRY,D,True,,
KCIP,1,SMK,SMK CL.INFIRMIERE PRATICIENNE,O,True,102.713550010,0
KCIPCT,1,SMK,SMK CL.INF.PRAT. CONS.TEL,O,True,102.713550010,0
KCIPVV,1,SMK,SMK C.INF.PRATICIENNE VIS.VIRT,O,True,,0
KCLI ABECT,5,CRH,C'TON ABERDEEN CLINC TEL. CONS,O,True,0171.5101900,
KCLI ABER,5,CRH,C'TON ABERDEEN CLINIC,O,True,0171.5101900,
KCLI AGING,5,CRH,C'TON AGING CLINI-CLOSED 0701,O,False,0171.2951100,
KCLI ALLER,5,CRH,C'TON ALLERGY CLINIC,O,False,,
KCLI BACK,5,CRH,C'TON BACK CLINIC,O,True,0171.3500000,
KCLI CARD,5,CRH,C'TON CARDIOLOGY CLINIC,O,True,0171.3500100,
KCLI DERM,5,CRH,C'TON DERMATOLOGY CLINIC,O,True,0171.3500000,
KCLI GER,5,CRH,C'TON GERIATRIC CLINIC,O,True,0171.3500000,
KCLI GI,5,CRH,C'TON GASTROENTEROLOGY CLINIC,O,False,,
KCLI GSURG,5,CRH,C'TON GENERAL SURGERY CLINIC,O,True,0171.3500000,
KCLI GYN,5,CRH,C'TON GYNECOLOGY CLINIC,O,False,,
KCLI INT,5,CRH,C'TON - INTERNIST CLINIC,O,False,,
KCLI MEMC,5,CRH,C'TON MEMORY CLINIC,O,False,0171.2951100,
KCLI NEURO,5,CRH,C'TON NEUROLOGY CLINIC,O,True,0171.3500000,
KCLI OBS,5,CRH,C'TON PRENATAL CLINIC,O,False,,
KCLI ONCO,5,CRH,C'TON ONCOLOGY CLINIC,O,False,0171.3406600,
KCLI OPH,5,CRH,C'TON OPHTHALMOLOGY CLINIC,O,True,0171.3500000,
KCLI ORL,5,CRH,C'TON OTOLARYNGOLOGY CLINIC,O,True,0171.3500000,
KCLI ORTCT,5,CRH,C'TON ORTHOPEDICS CLI TEL.CONT,O,True,0171.3500000,
KCLI ORTHO,5,CRH,C'TON ORTHOPAEDICS CLINIC,O,True,0171.3500000,
KCLI PAC,5,CRH,C'TON PREADM ANESTHETIC CLINIC,O,True,0171.3402560,
KCLI PACCT,5,CRH,C'TON PREADM CLIN. C.TEL,O,True,0171.3402560,
KCLI PAIN,5,CRH,C'TON PAIN CLINIC,O,True,0171.3500000,
KCLI PAIVV,5,CRH,C'TON PAIN CLINIC VIRT. VISIT,O,True,0171.3500000,
KCLI PED,5,CRH,C'TON PEDIATRICS CLINIC,O,True,0171.3500000,
KCLI PHMED,5,CRH,C'TON PHYSICAL MEDICINE CLINIC,O,False,,
KCLI PHYS,5,CRH,C'TON PHYSIATRY CLINIC,O,True,0171.3500000,
KCLI PMK,5,CRH,C'TON PACEMAKER CLINIC,O,True,0171.4302090,
KCLI PSY,5,CRH,C'TON PSYCHIATRY CLINIC,O,True,0171.3500000,
KCLI PULM,5,CRH,C'TON PULMONARY CLINIC,O,True,0171.4354200,
KCLI RESP,5,CRH,C'TON RESPIRATORY CLINIC,O,False,,
KCLI RHEU,5,CRH,C'TON RHEUMATOLOGY CLINIC,O,True,0171.3500000,
KCLI RWACT,5,CRH,CLIN.RUE WATER CONS TELE,O,False,0171.5101900,
KCLI RWAT,5,CRH,CLIN.RUE WATER,O,False,0171.5101900,
KCLI SLEP,5,CRH,C'TON SLEEP CLINIC,O,True,0171.4356500,
KCLI SPCC,5,CRH,C'TON SCREEN PROG COLONO CLNC,O,True,0171.3500000,
KCLI SPOC,5,CRH,C'TON SCREEN PROG COLONO CLNC,D,False,,
KCLI URO,5,CRH,C'TON UROLOGY CLINIC,O,True,0171.3500000,
KCLI UROCT,5,CRH,C'TON UROLOGY CLINIC TEL.CONT.,O,True,0171.3500000,
KCLI URODY,5,CRH,C'TON URODYNAMICS CLINIC,O,False,,
KCLI VITAL,5,CRH,C'TON CLINIC VITAL,O,True,0171.3500000,
KCLIGSURCT,5,CRH,C'TON GEN SURG CLINIC CONS TEL,O,True,0171.3500000,
KCLKINE,5,CRH,C'TON CLIN.KINESIOLOGY,O,True,0171.2052010,
KCLKINECT,5,CRH,C'TON CLIN.KINESIOLOGY CONT.TE,O,True,0171.2052010,
KCLO BRST,5,CRH,C'TON CLINIC WELL. BREAST HLTH,O,True,0171.3503570,
KCLO GYN,5,CRH,C'TON GYNECOLOGY CLINIC,O,True,0171.3503570,
KCLO MENO,5,CRH,C'TON MENOPAUSE CLINIC,O,True,0171.3503570,
KCLO OBS,5,CRH,C'TON PRENATAL CLINIC,O,True,0171.3503570,
KCLO SPCC,5,CRH,C'TON SCREEN PROG COLONO CLNC,D,False,,
KCLSPD,1,SMK,SMK CL. SOINS PIEDS DIABETIQUE,O,True,102.713504020,0
KCLSPDCT,1,SMK,SMK C SOINS PIEDS DIAB CONSTEL,O,True,102.713504020,0
KCLTAB,1,SMK,SMK CLINIQUE TABAGISME,O,True,,0
KCLTABCT,1,SMK,SMK CLI TABAGISTE CONSEIL TEL,O,True,,0
KCLTABI,1,SMK,SMK CLIN TABAGISTE INITIALE,O,True,,0
KCLVAG,1,SMK,SMK CLIN. VACCIN ANTI GRIPPAL,O,True,,5
KCLVASC,1,SMK,SMK CLINIQUE VASCULAIRE,O,True,,0
KCLWOUND,5,CRH,C'TON WOUNDCARE CLINIC,O,True,0171.3501035,
KCLWOUNDCT,5,CRH,C'TON WOUNDCARE TEL.CONT.,O,True,0171.3501035,
KCMC,5,CRH,CENTRE MEDICAL DE CAMPBELLTON,O,True,0171.5101910,
KCNUT,1,SMK,SMK CLINIQUE NUTRITION,O,True,103.714450000,2
KCNUTCT,1,SMK,SMK CL.NUTRITION CONT.TELEPHON,O,True,,2
KCNUTVV,1,SMK,SMK CL.NUTRITION VIS.VIRTUELLE,O,True,,2
KCOB,1,SMK,CL. OBSTETRIQUE (SMK),O,True,103.713100000,0
KCOM,1,SMK,COMMUNICATION (SMK),D,True,,
KCOMMDIS,5,CRH,C'TON COMMUNICATION DISORDER,O,True,0171.4602000,
KCOMMDISCT,5,CRH,COMM.DISORDER.TELEPHONE.CONTAC,O,True,0171.4602000,
KCOMMDISVV,5,CRH,C'TON COMM.DIS. VIRUTAL.VISIT,O,True,0171.4602000,
KCORL,1,SMK,CL.OTHORHINOLARYNGO (SMK),O,True,103.713100000,0
KCORT,1,SMK,CL. ORTHOPEDIE (SMK),O,True,103.713100000,0
KCS,5,CRH,C'TON CENTRAL STORES,D,True,,
KCSI,1,SMK,CL. SUIVI INFIRMIER (SMK),O,True,103.713100000,0
KCSIERV,1,SMK,SUIVI INFIRMIER E.R.V. (SMK),O,False,,0
KCSR,5,CRH,C'TON CENTRAL PROCESSING,D,True,,
KCTELEMED,1,SMK,STELLA MARIS CLI TELEMEDECINE,O,True,103.713100000,0
KCTOX,1,SMK,CL. TOXICO (SMK) (I),O,False,,0
KCTSCAN,5,CRH,C'TON CT-SCAN,O,True,0171.4152040,
KCYSTO,5,CRH,C'TON CYSTOSCOPY,O,True,0171.3402520,
KCYTO,5,CRH,C'TON CYTOPATHOLOGY,D,True,,
KDAYSURG,5,CRH,C'TON DAY CARE SURGERY,O,False,,
KDCS,5,CRH,C'TON DAY CARE SURGERY,O,True,0171.3402520,
KDIAGIMAG,5,CRH,C'TON DIAGNOSTIC IMAGING,D,True,,
KDIET,1,SMK,DIETETIQUE (SMK),D,True,,
KDIET,5,CRH,C'TON DIETETICS,O,True,0171.4450000,
KDIET AMB,5,CRH,C'TON DIET COUNSELLING 3RD FLR,O,True,0171.4450000,
KDIET CLAS,5,CRH,C'TON DIET CLASSROOM 3RD FLOOR,O,True,0171.4450000,
KDIET ELM,5,CRH,C'TON DIET CLASSROOM ELM CLINI,O,True,0171.4450000,
KDIET2,5,CRH,C'TON DIETITICS 2ND FLOOR,O,True,0171.4450000,
KDIETCCT,5,CRH,C'TON DIET CLASS 3RD TEL.CONTA,O,True,0171.4450000,
KDIETCVV,5,CRH,C'TON DIET CLASS 3RD VIRTU.VIS,O,True,0171.4450000,
KDIETDIAB,5,CRH,C'TON DIET DIABETIC,O,True,0171.4450000,
KDIETDIACT,5,CRH,C'TON DIET DIAB TELE. CONTACT,O,True,,
KDIETDIATH,5,CRH,C`TON DIET DIABETIC TELEH ELM,O,True,0171.4450000,
KDIETDIAVV,5,CRH,C'TON DIET.DIAB. VIRTUAL VISIT,O,True,0171.4450000,
KDISPLAN,5,CRH,C'TON DISCHARGE PLANNING,D,True,,
KEB,1,SMK,EX.M.BLANC.BOURGEOIS,O,True,110.715301010,9
KECG,1,SMK,ELECTROCARDIOGRAMME (SMK),O,True,103.714302090,1
KECHO,5,CRH,C'TON ECHOCARDIOGRAPHY,O,True,0171.4302020,
KEDU,1,SMK,EDUCATION (SMK),D,True,,
KEDUC,5,CRH,C'TON EMPLOYEE TRAIN.& DEVEL.,D,True,,
KEEG,5,CRH,C'TON ENCEPHALOGRAPHY,O,True,0171.4250000,
KEK,1,SMK,EXTRA MURAL (SMK),O,True,112.715301010,9
KELECTDIAG,5,CRH,C'TON ELECTRODIAGNOSTICS,O,False,,
KELM,5,CRH,CRH ELIZABETH L MURRAY CLINIC,O,True,0171.1654020,
KELMCT,5,CRH,EL MURRAY CLIN CONS TELE.,O,True,0171.1654020,
KELMVV,5,CRH,E.L.MURRAY CLIN VIRTUAL VISIT,O,True,0171.1654020,
KEM,1,SMK,ENTRETIEN MENAGER (SMK),D,True,,
KEMERG,5,CRH,C'TON EMERGENCY DEPT,D,False,,
KEMPLAN,5,CRH,C'TON EMERG.PLANNING-COMMUN.,D,True,,
KENVIRO,5,CRH,C'TON ENVIRONMENTAL SERVICES,D,True,,
KER,5,CRH,C'TON EMERGENCY ROOM,O,True,0171.3100000,
KER1,5,CRH,C'TON - EMERGENCY,I,False,,1
KERADMIT,5,CRH,C'TON ER ADMIT - NO BED,I,True,0171.3100000,9
KERG,1,SMK,SMK ERGOTHERAPIE (SMK),O,True,103.714550000,2
KERGCT,1,SMK,SMK ERGOTHERAPIE CONS.TEL.,O,True,,2
KERGPEDCCT,1,SMK,SMK PHYSIO PED COMM.CONS.TELE.,O,True,103.714550000,0
KERGPEDCOM,1,SMK,SMK PHYSIO PED COMMUNAUTAIRE,O,True,103.714550000,0
KERGPEDCVV,1,SMK,SMK PHYSIO PED COMM.VIS.VIRT,O,True,103.714550000,0
KERGVV,1,SMK,SMK ERGOTHERAPIE VIS.VIRTUELLE,O,True,,2
KES,1,SMK,EX.M.SHEDIAC,O,True,111.715301010,9
KFIN,5,CRH,C'TON FINANCE,D,True,,
KFOUND,5,CRH,CRH FOUNDATION,D,True,,
KGEI,1,SMK,GEST. ENT. IMMEUBLE (SMK),D,True,,
KGER,1,SMK,SMK CLINIQUE GERIATRIE,O,True,103.713100000,0
KGERI,5,CRH,C'TON GERIATRIC MEDICINE,I,True,0171.2951000,1
KHEALTH,5,CRH,C'TON EMPLOYEE HEALTH,O,True,0171.1206000,
KHEART FCT,5,CRH,C'TON HEART FUNC. CL CONS. TEL,O,True,0171.3500100,
KHEART FNC,5,CRH,C'TON HEART FUNCTION CLINIC,O,True,0171.3500100,
KHEMA,5,CRH,C'TON HAEMATOLOGY,D,True,,
KHOPAC,5,CRH,C'TON OCCUP.THER PAC CLINIC,O,True,,
KHR,5,CRH,C'TON HEALTH RECORDS,D,True,,
KICU,5,CRH,C'TON INTENSIVE CARE UNIT,I,True,0171.2400000,2
KIFC,5,CRH,C'TON INFECTION CONTROL,D,True,,
KINH,1,SMK,INHALOTHERAPIE (SMK),O,True,103.714352500,2
KINHB,1,SMK,INHALOTHERAPIE BOUCTOUCHE JK,O,True,103.714352500,2
KINHCT,1,SMK,INHALO SMK CONTACT TELEPHONIQU,O,True,103.714352500,2
KINHVV,1,SMK,SMK INHALOTHERAPIE VIS.VIRTUEL,O,True,,2
KIWK,1,GDH,HOSPITAL IWK,O,False,,9
KLAB,1,SMK,LABORATOIRE (SMK),O,True,103.714101000,9
KLAB,5,CRH,C'TON LABORATORY-ADMIN,D,True,,
KLAUNDRY,5,CRH,C'TON LAUNDRY,D,True,,
KLIB,5,CRH,C'TON LIBRARY,D,True,,
KMEDI,5,CRH,C'TON MEDICAL,I,True,0171.2100000,3
KMEDICARE,5,CRH,NO VALID MEDICARE #,O,True,,
KMEDR,5,CRH,C'TON MEDICAL REHAB {CLOSED},I,False,,1
KMEDSURG,5,CRH,C'TON MEDICAL/SURGICAL,I,True,0171.2304000,5
KMICRO,5,CRH,C'TON MICROBIOLOGY,D,True,,
KMM,5,CRH,C'TON MATERIAL MANAGEMENT,D,True,,
KMORG,1,SMK,SMK MORGUE,O,True,103.714101000,0
KMPAL,5,CRH,C'TON MEDICAL/PALLIATIVE CARE,I,False,0171.2300000,4
KMPED,5,CRH,C'TON MEDICAL/PEDIATRIC,I,False,0171.2101500,4
KMRI,5,CRH,C'TON MAGNETIC RESONANCE,O,True,0171.3500000,
KMSJB,1,SMK,MANOIR ST J-BAPT (SMK),O,True,,9
KNAVDIABCT,5,CRH,C'TON NAV DIABETE CONTACT TEL,O,True,1571.5092000,
KNAVDIABFU,5,CRH,C`TON NAVIGATOR DIABETE FUP,O,True,1571.5092000,
KNAVDIABPC,5,CRH,C`TON NAVIGATOR DIABETE PERSON,O,False,,
KNERVE,5,CRH,C'TON NERVE COND STUDIES,O,True,0171.4250000,
KNEUTH,5,CRH,C`TON NEUROLOGY TELEHEALTH,O,True,0171.4250000,
KNICU,5,CRH,C'TON SPECIAL CARE NURSERY,I,True,0171.2502000,9
KNS,5,CRH,C'TON NURSING SERVICES,D,True,,
KNUR,5,CRH,C'TON NURSERY,I,True,0171.2502000,9
KNURADMIN,5,CRH,C'TON NURSING ADMINISTRATION,D,True,0171.1700000,
KNUROTHER,5,CRH,C'TON NURSING OTHER,D,True,,
KNURPOST,5,CRH,C'TON NURSERY POSTNATAL**JUL04,O,False,,
KNURPRAC,5,CRH,C'TON NURSE PRACTITIONER,O,True,0171.3500000,
KNURS,5,CRH,C'TON - NURSERY,I,False,,1
KNURSC,5,CRH,C'TON NURSERY COLLECTION,O,False,,
KOBS,5,CRH,C'TON OBS/GYN,I,True,0171.2502000,6
KOBS BF,5,CRH,C'TON BREASTFEEDING CLINIC,O,True,0171.3507020,
KOBS BIO,5,CRH,C'TON BIOPHYSICAL PROFILE,O,True,0171.3500000,
KOBS CLASS,5,CRH,C'TON OBS PRENATAL CLASSES,O,True,0171.3503570,
KOBS POST,5,CRH,C'TON OBS POSTPARTUM PROGRAM,O,True,0171.3503570,
KOBS SCREN,5,CRH,C'TON OBS SCREENING,O,True,0171.3503570,
KOBS WBRST,5,CRH,C'TON WELLNESS BREAST HEALTH,O,True,0171.3503570,
KOBS WELLB,5,CRH,C'TON OBS WELL BABY PROGRAM,O,True,0171.3507020,
KOBS WELLW,5,CRH,C'TON WELLNESS CLINIC,O,True,0171.3503570,
KOBS WMENO,5,CRH,C'TON MENOPAUSE CLINIC,O,True,0171.3503570,
KOBST,5,CRH,C'TON- OBSTETRICS & GYNECOLOGY,I,False,,1
KONCOCT,5,CRH,C'TON ONCOLOGY TELEPHONE CONT.,O,True,0171.3406600,
KONCOLOGTH,5,CRH,C`TON ONCOLOGY TELEHEALTH,O,True,0171.3406600,
KONCOLOGY,5,CRH,C'TON ONCOLOGY CLINIC,O,True,0171.3406600,
KONCOLOGYT,5,CRH,C`TON ONCOLOGY TELEHEALTH,O,False,,
KONCONAV,5,CRH,C'TON ONCO RN NAV.,O,True,0171.3406600,
KONCONAVCT,5,CRH,C'TON ONCO RN NAV. TEL.CONT.,O,True,0171.3406600,
KONCOVV,5,CRH,C'TON ONCOLOGY VIRTUAL VISIT,O,True,0171.3406600,
KOR,5,CRH,C'TON SURGICAL SUITE,D,True,0171.2600000,
KOT,5,CRH,C'TON OCCUPATIONAL THERAPY,O,True,0171.4550000,
KOTPAC,5,CRH,OCCUP.THERAPY PAC CLINIC,O,True,0171.4550000,
KOTPACTC,5,CRH,C'TON OCCUP.THER PAC TEL.CONT,O,True,0171.4550000,
KOTPACVV,5,CRH,C'TON OCCUP.THER PAC VIRT.VIS,O,True,0171.4550000,
KOTTC,5,CRH,C'TON OCCUP.THER. TEL.CONTACT,O,True,0171.4550000,
KOTVV,5,CRH,C'TON OCCUP. THER. VIRT.VISIT,O,True,0171.4550000,
KPAL,5,CRH,C'TON PALLIATIVE CARE,I,True,0171.2900000,7
KPANDCOMM,5,CRH,C'TON PANDEMIC in COMMUNITY,O,True,0171.3500000,
KPANDDOM,1,SMK,SMK PANDEMIE DEPISTAGE DOMICIL,O,True,103.713100000,0
KPANDDOM,5,CRH,C'TON PANDEMIE CL.DEP.DOMICILE,O,True,0171.3500000,
KPANDEMIE,1,SMK,HSMK PANDEMIE,O,True,103.713100000,0
KPANDEMIE,5,CRH,C'TON PANDEMIC LOCATION,O,True,0171.3500000,
KPAP,1,SMK,SMK  PAP TEST,O,True,,0
KPAST,1,SMK,PASTORALE (SMK),D,True,,
KPASTORAL,5,CRH,C'TON PASTORAL CARE,D,True,,
KPATH,5,CRH,C'TON HISTOPATHOLOGY,D,True,,
KPED,5,CRH,C'TON PEDIATRICS,I,False,0171.2700000,7
KPEDALIM,5,CRH,C`TON PEDIATRIE ALIMENTATION,O,True,0171.4450000,
KPEDTEAM,5,CRH,C'TON PEDIATRIC TEAM,O,True,0171.4450000,
KPEDTEAMTC,5,CRH,C'TON PEDTEAM TEL.CONTACT,O,True,0171.4450000,
KPEDTEAMVV,5,CRH,C'TON PED TEAM VIRTUAL VISIT,O,True,0171.4450000,
KPERS,5,CRH,C'TON PERSONNEL,D,True,,
KPHAPERIM,1,SMK,PHARMACIE SMK PERIMES,O,True,103.714400505,6
KPHAR,1,SMK,PHARMACIE (SMK),D,True,,
KPHARM,5,CRH,C'TON PHARMACY,D,True,,
KPHLE,1,SMK,SMK CLIN PHLEBO SANS RV,O,True,103.714101000,9
KPHONI,1,SMK,ORTHOPHONIE (SMK),O,True,103.713100000,2
KPHONICT,1,SMK,ORTHOPHONIE CONT.TEL  (SMK),O,True,103.713100000,2
KPHONIVV,1,SMK,ORTHOPHONIE VIS.VIRT.  (SMK),O,True,103.713100000,2
KPHY,1,SMK,PHYSIOTHERAPIE (SMK),O,True,103.714400500,2
KPHYCT,1,SMK,SMK PHYSIO CONS. TELEPHONIQUE,O,True,103.714400500,2
KPHYDIABOS,5,CRH,C`TON PHYSIO DIABETE OFFSITE,O,True,0171.4500000,
KPHYIOCT,5,CRH,PHYSIO TELEPHONE CONTACT,O,True,0171.4500000,
KPHYPAINOS,5,CRH,C'TON PHYSIO PAIN      OFFSITE,O,True,0171.4500000,
KPHYPEDCCT,1,SMK,SMK PHYSIO PED COMM CONS.TEL.,O,True,103.714400500,2
KPHYPEDCOM,1,SMK,SMK PHYSIO PED COMMUNAUTAIRE,O,True,103.714400500,2
KPHYPEDCT,5,CRH,PHYSIO.PED.TELE.CONTACT,O,True,0171.4500000,
KPHYPEDCVV,1,SMK,SMK PHYSIO PED. COMM.VIS.VIRT.,O,True,,2
KPHYPEDOS,5,CRH,C'TON PHYSIO PEDIATRIC OFFSITE,O,True,0171.4500000,
KPHYPEDVV,5,CRH,PHYSIO.PEDIATRIC VIRT.VISITS,O,True,0171.4500000,
KPHYPLT,5,CRH,C'TON PHYSICAL PLANT-MAINT.,D,True,,
KPHYSIO,5,CRH,C'TON PHYSIOTHERAPY,O,True,0171.4500000,
KPHYSIOCT,5,CRH,PHYSIO. TELEPHONE CONTACT,O,True,0171.4500000,
KPHYSIOVV,5,CRH,PHYSIO VIRT.VISIT,O,True,0171.4500000,
KPHYVV,1,SMK,SMK PHYSIO VISITE VIRTUELLE,O,True,103.714400500,2
KPOUP,1,SMK,POUPONNIERE (SMK),I,True,,9
KPRGPS,1,SMK,SMK PROG GESTION PERS.SVC,O,True,102.715800015,0
KPRGPS,5,CRH,PROG GESTION PERSONNALISEE SVC,O,True,0171.5800015,
KPRGPSADM,1,SMK,SMK GESTION PERSONNALISEE ADM,O,True,102.715800015,0
KPRGPSADM,5,CRH,PRG GESTION PERSONNALISEE ADM,O,True,0171.5800015,
KPRGPSCT,1,SMK,SMK GESTION PERS.SVC CONT.TEL.,O,True,102.715800015,0
KPRGPSCT,5,CRH,PROG GESTION PERS.SVC CONSEIL,O,True,0171.5800015,
KPRGPSVV,1,SMK,SMK PRG GEST PERS SVC VIS VIRT,O,True,102.715800015,0
KPRMADCOM,1,SMK,SMK PROG.MAINTIEN DOMICILE COM,O,True,,0
KPRMADCT,1,SMK,SMK PROG.MAINTIEN DOM C.TELEP,O,True,,0
KPRMADVV,1,SMK,SMK PRG MAINTIEN DOM VIS.VIRT,O,True,103.715800010,0
KPRPEU,5,CRH,PROG.POINT D'ENTREE UNIQUE,O,True,0171.5800030,
KPRPEUAT,5,CRH,POINT D'ENTREE UNIQUE HOME VIS,O,True,0171.5800030,
KPRPEUCT,5,CRH,POINT D'ENTREE UNIQUE TEL.CONT,O,True,0171.5800030,
KPRPEUVV,5,CRH,POINT D'ENTREE UNIQUE VIS.VIR.,O,True,0171.5800030,
KPSY,5,CRH,C'TON PSYCHIATRY,I,True,0171.2752000,8
KPSYC,5,CRH,C'TON - PSYCHIATRY,I,False,,1
KPSYCH,5,CRH,C'TON PSYCHOLOGY DEPARTMENT,D,True,,
KPSYCHO,5,CRH,C'TON PSYCHOLOGY,O,True,0171.4750000,
KPSYTHER,1,SMK,SMK PSYCHIATRIE TELESANTE URG,O,True,102.712760000,0
KQI,5,CRH,C'TON IMPROVEMENT PROGRAMS,D,True,,
KRAD,1,SMK,RADIOLOGIE (SMK),O,True,103.714151800,1
KREC,5,CRH,C'TON RECREOLOGY,D,True,,
KRESP,5,CRH,C'TON RESPIRATORY THERAPY,O,True,0171.4350000,
KRESP ASTH,5,CRH,C'TON RESPIRATORY ASTHMA,O,True,0171.4350000,
KRESP COPD,5,CRH,C'TON RESPIRATORY COPD PROGRAM,O,True,0171.4354200,
KRESP GEN,5,CRH,C'TON GEN RESPIRATORY THERAPY,O,True,0171.4350000,
KRESP PFT,5,CRH,C'TON RESP.PULMONARY FUNCTION,O,True,0171.4354200,
KRESP PULM,5,CRH,C'TON RESP. PULMONARY,O,True,0171.4354200,
KRESP PUTH,5,CRH,C'TON RESP.PULMONARY TELEHEALT,O,True,0171.4354200,
KRESP RHAB,5,CRH,C'TON RESP REHAB PULMONARY,O,True,0171.4350000,
KRESP SLEP,5,CRH,C'TON RESPIRATORY SLEEP,O,False,,
KRESPCT,5,CRH,C'TON RESP.THERAPY TEL.CONTACT,O,True,0171.4350000,
KRESPVV,5,CRH,C'TON RESP.THERAPY VIRT.VISIT,O,True,0171.4350000,
KRLH,1,SMK,REX LIONS HOME (SMK),O,True,,9
KRR,5,CRH,C'TON RECOVERY ROOM,O,True,0171.2650000,
KSC,1,SMK,SALLE DE CLASSE (SMK),D,True,,
KSC,5,CRH,C'TON SPECIMEN COLLECTION,O,True,0171.4102000,
KSCI,1,SMK,CL. SUIVI INFIRMIER (SMK) (I),O,False,,0
KSECUR,5,CRH,C'TON SECURITY,D,True,,
KSERC,1,SMK,SERVICE CENTRAL (SMK),D,True,,
KSERS,1,SMK,SERVICE SANTE (SMK),O,True,,1
KSI,1,SMK,ADMINISTRATION SOINS INF.(SMK),D,True,,
KSICERCT,1,SMK,SMK SERV.INTERV.CRISE URG TEL,O,True,103.713100000,0
KSOCIALSER,5,CRH,C'TON SOCIAL SERVICES,O,False,,
KSPECCOLL,5,CRH,C'TON SPECIMEN COLLECTION,O,False,,
KSS,5,CRH,C'TON SOCIAL SERVICES,O,True,0171.4700000,
KSSCT,5,CRH,C'TON SOC.SERV. TEL. CONTACT,O,True,0171.4700000,
KSSVV,5,CRH,C'TON SOC.SERVICES VIRT VISIT,O,True,0171.4700000,
KSTAFF,5,CRH,C'TON STAFF NURSE,O,False,,
KSURG,5,CRH,C'TON SURGICAL,I,False,0171.2200000,5
KTELECOM,5,CRH,C'TON TELECOMMUNICATION,D,True,,
KTELEHDIET,5,CRH,C'TON TELEHEALTH DIETD PED ELM,O,False,,
KTELEHPEDU,5,CRH,C'TON TELEHEALTH PEDUC PED ELM,O,False,,
KTELHAVC,5,CRH,C'TON TELEHEALTH AVC,O,True,0171.3100000,
KTELHEALTH,5,CRH,C'TON TELEHEALTH,O,True,0171.3500000,
KTELHPSY,5,CRH,C'TON PSYCHIATRY TELEHEALTH ER,O,True,0171.3100000,
KTRAN,5,CRH,C'TON TRANSITIONAL/EXT CARE,I,True,0171.2101600,4
KTRANS,5,CRH,C'TON TRANSLATION,D,True,0171.2101600,
KTRIAGE,5,CRH,C'TON ER TRIAGE,D,True,,
KULTSOUND,5,CRH,C'TON ULTRASOUND,O,False,,
KURG,1,SMK,URGENCE (SMK),O,True,103.713100000,4
KURO,1,SMK,SMK CLINIQUE UROLOGIE,O,False,,0
KURO MINOR,5,CRH,C'TON UROLOGY MINOR PROCEDURE,O,True,0171.3402520,
KUS,5,CRH,C'TON ULTRA SOUND,O,True,0171.4153000,
KUSI,1,SMK,UNITE SOINS INFIRMIERS (SMK),I,True,,0
KUTIL,5,CRH,CRH-Utilization,D,True,,
KVETS,5,CRH,C'TON VETERANS,I,True,0171.2101600,0
KVISIT,5,CRH,CANCELLED VISIT,O,True,,
KVM,1,SMK,VILLA MARIA (SMK),O,True,,9
KVOL,5,CRH,C'TON-VOLUNTEERS SERVICES,D,True,,
KXRAY,5,CRH,C'TON XRAY,O,True,0171.4152020,
KYRH,1,GDH,YARMOUTH REGIONAL HOSPITAL,O,False,,9
LAB,1,GDH,LABORATOIRE,O,True,102.714101000,9
LAB,6,LAB,***LABORATORY,O,False,,
LABCAMP,6,BA,LAB. CAMPBELLTON SPECIMENS,O,True,,
LABDAL,6,BA,LAB. DALHOUSIE SPECIMENS,O,True,,
LABDECH,6,BA,LAB. DECH SPECIMENS,O,True,,
LABEDMUN,6,BA,LAB. EDMUNSTON SPECIMENS,O,True,,
LABGDH,6,BA,LAB. GEORGE DUMONT SPECIMEN,O,True,,
LABGS,6,BA,LAB. GRAND SAULT SPECIMENS,O,True,,
LABMCH,6,BA,LAB. MONCTON CITY HOSPITAL,O,True,,
LABMIR,6,BA,LAB. MIRAMICHI SPECIMENS,O,True,,
LABSJ,6,BA,LAB. SAINT JOHN REGIONAL HOSP,O,True,,
LABSQ,6,BA,LAB. SAINT QUENTIN,O,True,,
LABUR,6,LA,***BUREAU DU MEDECIN,O,False,,
LADADMLA,6,LA,DEPT. OF ADMINISTRATION (LA),D,True,,
LADAMB,6,LA,DEPT. OF AMBULATORY,D,True,,
LADAR,6,LA,DEPT. OF ACCOUNT RECEIVABLE,D,True,,
LADBIOMED,6,LA,DEPT. OF BIOMEDICAL,D,True,,
LADCLMISC,6,LA,DEPT. OF CLINIC MISCOU,D,True,,
LADCSR,6,LA,DEPT. OF CENTRAL SERVICE,D,True,,
LADDIET,6,LA,DEPT. OF DIETARY,D,True,,
LADELEC,6,LA,DEPT. OF ELECTROCARDIOLOGY,D,True,,
LADEMG,6,LA,DEPT. OF EMERGENCY,D,True,,
LADEMP,6,LA,DEPT. OF EXTRA MURAL,D,True,,
LADERGO,6,LA,DEPT. OF ERGOTHERAPY,D,True,,
LADFOUND,6,LA,DEPT. OF FOUNDATION,D,True,,
LADHEALTH,6,LA,DEPT. OF HEALTH FOR STAFF,D,True,,
LADHSK,6,LA,DEPT. OF HOUSEKEEPING,D,True,,
LADIMG,6,LA,DEPT. OF MEDICAL IMAGING,D,True,,
LADLAB,6,LA,DEPT. OF LABORATORY,D,True,,
LADMAINT,6,LA,DEPT. OF MAINTENANCE,D,True,,
LADMISC,6,LA,DEPT. OF MISCELLANEOUS,D,True,,
LADMISCOU,6,LA,DEPT. OF MISCOU,D,True,,
LADMR,6,LA,DEPT. OF MEDICAL RECORDS,D,True,,
LADPHARM,6,LA,DEPT. OF PHARMACY,D,True,,
LADPHYSIO,6,LA,DEPT. OF PHYSIOTHERAPY,D,True,,
LADPREOP,6,LA,DEPT. OF PRE OP,D,True,,
LADPTRE,6,LA,DEPT. OF PATIENT RECEPTION,D,True,,
LADRESP,6,LA,DEPT. OF RESPIRATORY,D,True,,
LADSTAFFED,6,LA,DEPT. OF STAFF EDUCATION,D,True,,
LADSW,6,LA,DEPT. OF SOCIAL WORK,D,True,,
LADUMF,6,LA,DEPT. OF UNITE MED. FAMILIALE,D,True,,
LAER,6,LA,***EMERGENCY,O,False,,
LAFAX,6,LA,***FAX,O,False,,
LAHC,1,GDH,CLINIQUE APRES HEURE CHAMPLAIN,O,True,,9
LAHMR,1,GDH,LAB CLI APR HEURE MOUNTAIN RD,O,True,,9
LAIMED,6,LA,LA. MEDECINE,I,True,,1
LAIP,6,LA,***INPATIENT,O,False,,
LALAB,6,LA,***LABORATORY,O,False,,
LALBC,1,GDH,LAB ALBERT COUNTY HOSP (I),O,False,,0
LAM,1,GDH,HOP. LAMEQUE,O,True,,9
LAOCLBH,6,LA,LA. CLINIC BREAST HEALTH,O,False,,
LAOCLCARCT,6,LA,LA. CL CARDIAC REHAB CONT.TEL.,O,True,04.713500000,
LAOCLCAREB,6,LA,LA.CLINIC CARDIAC REHAB,O,True,04.713500000,
LAOCLDIAB,6,LA,LA. CLINIC DIABETES,O,True,04.713504020,
LAOCLDIACT,6,LA,LA.CL DIABETES CONT.TEL,O,True,04.713504020,
LAOCLDIAVV,6,LA,LA.CL DIABETES VISITE VIRT.,O,True,04.713504020,
LAOCLDIDCT,6,LA,LA.CL.DIETE.CONT.TEL,O,True,04.713504020,
LAOCLDIDIA,6,LA,LA.CL.DIETE.DIABETE,O,True,04.713504020,
LAOCLDOPL,6,LA,LA. CLINIC DOPPLER,O,True,04.715102090,
LAOCLFS,6,LA,LA. CLINIC FLU SHOT (GRIPPE),O,True,04.713500000,
LAOCLFUP,6,LA,***LA. CLINIC FOLLOW-UP (SUIVI,O,False,,
LAOCLGASTR,6,LA,LA. CLINIC GASTROENTEROLOGY,O,False,,
LAOCLGERI,6,LA,LA. CLINIC GERIATRICS,O,True,04.713500000,
LAOCLIN,6,LA,LA. CLINIC OUTPATIENTS,O,True,04.713500000,
LAOCLINK,6,LA,CLIN.INKERMAN PRAT.COLL.,O,True,04.713502500,
LAOCLINKCT,6,LA,CLIN.INKERMAN PRAT.COLL TEL.,O,True,04.713502500,
LAOCLINR,6,LA,LA. CLINIC INR,O,True,04.715102090,
LAOCLINRCT,6,LA,LA. CLINIC INR CONT.TEL.,O,True,04.715102090,
LAOCLINRVV,6,LA,LA. CL. INR VISITE VIRTUELLE,O,False,,
LAOCLIP,6,LA,LA. CLINIC INFIR. PRATICIENNE,O,False,,
LAOCLMISC,6,LA,LA. CLINIC MISCOU,O,True,04.713501009,
LAOCLMISCT,6,LA,LA.CL MISCOU CONT.TEL.,O,True,04.713501009,
LAOCLMISVV,6,LA,LA.CL MISCOU VISITE VIRTUELLE,O,True,04.713501009,
LAOCLPAP,6,LA,LA. CLINIC PAP TEST,O,True,04.713500000,
LAOCLPODO,6,LA,LA. CLINIC PODOLOGY,O,True,04.715102090,
LAOCLPREOP,6,LA,LA. CLINIC PRE OP,O,True,,
LAOCLRECAR,6,LA,LA.,O,False,,
LAOCLRHE,6,LA,LA. CLINIC RHEUMATOLOGY,O,True,04.715102090,
LAOCLTA,6,LA,LA. CLINIC BLOOD PRESSURE (TA),O,True,04.715102090,
LAOCLTAB,6,LA,LA. CLINIQUE ABANDON DU TABAC,O,True,04.715102090,
LAOCLTABCT,6,LA,LA.CL.ABANDON TABAC.CONT.TEL.,O,True,04.715102090,
LAOCLTABVV,6,LA,LA.CL.ABONDON TABAC VIS.VIRT.,O,True,04.715102090,
LAOCLTACT,6,LA,LA.CL BLOOD PRESSURE CONT.TEL,O,True,04.715102090,
LAOCLTAVV,6,LA,LA CL BLOOD PRESSURE VIS.VIRT.,O,True,04.715102090,
LAOCLTH,6,LA,LA. CLINIC TELEHEALTH,O,True,04.713500000,
LAOCLWI,6,LA,LA. CLINIC WALK-IN,O,True,04.713501010,
LAOCLWICT,6,LA,LA.CL WALK-IN CONT.TEL.,O,True,04.713501010,
LAOCLWIVV,6,LA,LA.CL WALK-IN VISITE VIRTUELLE,O,True,04.713501010,
LAOCLWOUND,6,LA,LA. CLINIC WOUND CARE,O,True,,
LAOCODIACT,6,LA,LA.COMMUNITY DIABETIC CONT.TEL,O,True,00.715092000,
LAOCODIAVV,6,LA,LA.COMMUNITY DIABETIC VIS.VIRT,O,True,00.715092000,
LAOCOMDIAB,6,LA,LA. COMMUNITY DIABETIC,O,True,00.715092000,
LAODIET,6,LA,LA. DIETARY,O,True,04.714450000,
LAODIETCT,6,LA,LA.DIETARY CONT.TELEPHONIQUE,O,True,04.714450000,
LAODIETVV,6,LA,LA.DIETARY VISITE VIRTUELLE,O,True,04.714450000,
LAOECG,6,LA,LA. ELECTROCARDIOGRAM,O,True,04.714302090,
LAOER,6,LA,***LA. EMERGENCY,O,False,,
LAOERGO,6,LA,LA. ERGOTHERAPY,O,True,04.714552000,
LAOERGOCT,6,LA,LA. ERGOTHERAPY CON. TEL.,O,True,04.714552000,
LAOERGOVV,6,LA,LA. ERGOTHERAPY VISITE VIRT.,O,True,04.714552000,
LAOFAM,6,LA,LA. UNITE DE MED FAMILIALE,O,True,04.713502500,
LAOFAMCT,6,LA,LA.U.M.FAM.CONT.TEL.,O,True,04.713502500,
LAOFAMDOM,6,LA,LA.UNITE MED-FAM VIS.DOMICILE,O,True,04.713502500,
LAOFAMVV,6,LA,LA.U.MED.FAM.VIS.VIRTUELLE,O,True,04.713502500,
LAOLOA,6,LA,LA. TEMPORARY LOCATED HOME,O,False,,
LAOLPREOP,6,LA,***LA. CLINIC PRE OP,O,False,,
LAONOSCH,6,LA,***LA. NO SCHEDULED APPT,O,False,,
LAOP,6,LA,***OUT-PATIENT,O,False,,
LAOPAN,6,LA,LA. PANDEMIC,O,True,04.713500000,
LAOPGPSTSA,6,LA,LA. PRG. GEST. PERS. TS ADMISS,O,False,,
LAOPHLE,6,LA,LA. PHLEBOTOMY,O,True,04.714101000,
LAOPHYSICT,6,LA,LA. PHYSIOTHERAPY CON. TEL.,O,True,04.714500000,
LAOPHYSIO,6,LA,LA. PHYSIOTHERAPY,O,True,04.714500000,
LAOPHYSIVV,6,LA,LA. PHYSIOTHERAPY VISITE VIRT.,O,True,04.714500000,
LAOPRGPS,6,LA,LA.PROG GESTION PERS.SVC,O,True,01.715800015,
LAOPRGPSCT,6,LA,LA.PROG GEST PERS.SVC CONT.TEL,O,True,01.715800015,
LAOPRGPTS,6,LA,LA. PGR GESTION PERS. TRAV. SO,O,False,,
LAOPRND,6,LA,LA.PROG.NAVIGATEUR DEMENCE,O,True,01.715800011,
LAOPRNDCT,6,LA,LA.PROG.NAVI.DEMENCE CONT.TEL,O,False,01.715800011,
LAOPSM,6,LA,LA. PROGRAMME SANTE MENTALE,O,True,04.714701000,
LAORAD,6,LA,LA. RADIOLOGY,O,True,04.714151000,
LAORESP,6,LA,LA. RESPIRATORY,O,True,04.714350000,
LAORESPCT,6,LA,LA.RESPITORY CONT.TELEPHONIQUE,O,True,04.714350000,
LAORESPROJ,6,LA,LA. RESEARCH PROJECT DIABETES,O,False,,
LAORESPVV,6,LA,LA.RESPITORY VIS. VIRTUELLE,O,True,04.714350000,
LAORGPSTST,6,LA, LA. PRG. GEST. PERS TS CONT.,O,False,,
LAOSW,6,LA,LA. SOCIAL WORK,O,True,04.714701000,
LAOSWCT,6,LA,LA. SOCIAL WORK CON.TEL.,O,True,04.714701000,
LAOSWDOM,6,LA,LA SOCIAL WORK VISITE DOMICILE,O,True,04.713502500,
LAOSWVV,6,LA,LA. SOCIAL WORK VISITE VIRT.,O,True,04.714701000,
LAOTELEH,6,LA,***LA. TELEHEALTH,O,False,,
LAOUS,6,LA,LA. ULTRASOUND,O,False,,
LAPEM,6,LA,***PEM,O,False,,
LARES,6,LA,***RESIDENCES,O,False,,
LARESPPUTH,6,LA,LA.RESPIRATORY PULMONARY TELEH,O,True,,
LATINCO,6,LA,LA PATIENT TO HOSP WITHIN CORP,O,False,,
LATOTCO,6,LA,LA PATIENT TO HOSP OUTSIDE COR,O,False,,
LAUBSOL,1,GDH,LAB AUBERGE DU SOLEIL,O,True,,9
LAVILLA,6,LA,***VILLA,O,False,,
LAVON,6,LA,***VON,O,False,,
LAXDO,6,LA,LA. DOCTOR'S OFFICE,O,True,,
LAXENV,6,LAB,LAB. ENVIRONMENT FOR LA,O,True,,
LAXPEM,6,LA,LA. PEM (LAMEQUE`S PATIENTS),O,True,,
LAXRES,6,LA,LA. RESIDENCES,O,True,,
LAXSHC,6,LA,LA. SEXUAL HEALTH CENTRE,O,True,,
LAXUMCS,6,LA,LA. U OF M (SHIPPAGAN CAMPUS),O,True,,
LAXVON,6,LA,LA. VICTORIA ORDER OF NURSE,O,True,,
LBAT,1,GDH,LAB HOP. BATHURST (I),O,False,,0
LBM,1,GDH,LAB BUREAU DU MEDECIN,O,True,,9
LBOUC,1,SMK,LAB CLIN. BOUCTOUCHE,O,True,,9
LCAE,1,GDH,LAB CAMION REGION EDMUNDSTON,O,True,,9
LCAM,1,GDH,LAB HOP. CAMPBELLTON (I),O,False,,0
LCAP,1,GDH,LABORATOIRE CAP,O,True,,9
LCAR,1,GDH,LAB HOP. CARAQUET (I),O,False,,0
LCAS,1,GDH,LAB CAMION REGION SALISBURY,O,True,,9
LCCCP,1,GDH,LAB CORR.COMM.CTRE PARRTOWN,O,True,,9
LCCD,1,GDH,LAB CURE CONNECT DIEPPE,O,True,102.714102110,0
LCCSH,1,GDH,LAB CTRE CORRECTIONNEL SHEDIAC,O,True,,9
LCDR,1,GDH,CLINIQUE DEPANNAGE RICHIBUCTOU,O,False,,9
LCESF,1,GDH,LAB CL.EDUC.SEX.FAM. (CESF),O,True,,9
LCHA,1,GDH,LAB HOP. CHATHAM (I),O,False,,0
LCHV,1,GDH,CENTRE HOSPITALIER DE VERDUN,O,False,,9
LCLB,1,GDH,CL. DR LOUIS BOURQUE,O,True,,9
LCLJEMY,1,GDH,LAB CLIN. JEMY PHLEBO SHEDIAC,O,True,,9
LCLMARAIS,1,GDH,LAB CLINIQUE DU MARAIS,O,True,,9
LCLPHLECP,1,GDH,LAB CLIN PHLEBOTOMIE CAP-PELE,O,True,,9
LCMC,1,GDH,CLINIQUE MEDICALE COCAGNE,O,True,,9
LCMS,1,GDH,CENTRE MEDICAL SHEDIAC,O,True,,9
LCMTM,1,GDH,LAB CL.MEDICALE TROIS MOULINS,O,True,102.714101000,9
LCOB,1,GDH,CL. OBSTETRIQUE,O,True,,9
LCOV,1,GDH,LAB CLIN. COVERDALE,O,True,,9
LCP,1,GDH,LAB CLINIQUE PROVIDENC,O,True,,9
LCREP,1,GDH,LAB CL. DE REPRODUCTION,O,True,,9
LCSGM,1,GDH,LAB CENTRE DE SANTE MONCTON,O,True,102.714101000,9
LCSS,1,GDH,LAB CL.SANTE SEX.MOTIVACTION,O,True,,9
LD,1,GDH,LAB DETOX CENTER,O,False,,9
LDAL,1,GDH,LAB HOP. DALHOUSIE (O),O,False,,0
LDDOM,1,GDH,LAB DIALYSE A DOMICILE,O,False,,9
LDERM,1,GDH,LAB DERMATOLOGIE,O,True,,9
LDO,1,GDH,LAB DON D'ORGANE,O,True,,9
LEB,1,GDH,LAB EX.M.BLANC.BOURGEOIS,O,True,,9
LED,1,GDH,LAB EX.M.DRISCOLL UNIT,O,True,,9
LEDM,1,GDH,LAB HOP. EDMUNSTON (I),O,False,,0
LES,1,GDH,LAB EX.M.SHEDIAC,O,True,,9
LFA,1,GDH,LAB FOY. ASSOMPTION,O,False,,9
LFF,1,GDH,LAB FOYER FAUBOURG,O,True,,9
LFJ,1,GDH,LAB FILLE DE JESUS,O,True,,9
LFOYPA,1,GDH,LAB FOYER PAULINE,O,True,,9
LFP,1,GDH,FONCTION PULM/INHALO,O,True,102.714352500,2
LFPLSOMS,1,GDH,LFP  LABORATOIRE DE SOMMEIL,O,False,,1
LFRED,1,GDH,LAB HOP. FREDERICTON (I),O,False,,0
LFRONT,1,GDH,LAB FRONTIERE TERRESTRE,O,True,,9
LFSA,1,GDH,LAB FOY. ST-ANTOINE,O,True,,9
LFST,1,GDH,LAB FOY. ST-THOMAS VALLEE,O,True,,9
LGSAU,1,GDH,LAB HOP. GRAND-SAULT (I),O,False,,0
LHPEI,1,GDH,"HEALTH PEI, SUMMERSIDE C1N 2A9",O,True,,9
LHV,1,GDH,HIGHLAND VIEW HOSPITAL,O,False,,9
LIVRS,1,GDH,LAB CLIN DEPISTAGE IVRS,O,True,102.714104500,9
LJCS,1,GDH,LAB CLIN.JEAN COUTU SHEDIAC,O,True,,9
LKAMMB,1,SMK,LAB KAMM BOUCTOUCHE,O,True,,9
LKAMMD,1,GDH,LAB KAMM DIEPPE,O,True,,9
LKAMMS,1,GDH,LAB KAMM SHEDIAC,O,True,102.714102120,9
LKBM,1,SMK,LAB BUREAU DU MEDECIN (SMK),O,True,,9
LKBS,1,SMK,LAB CLIN. PHLEBO LE BON SANG,O,True,,9
LKCDR,1,SMK,CLINIQUE DEPANNAGE RICHIBUCTOU,O,True,,9
LKEK,1,SMK,LAB EXTRA MURAL (SMK),O,True,,9
LKELSI,1,SMK,LAB CLINIQUE PHLEBO ELSIPOGTOG,O,True,,9
LKMSJB,1,SMK,LAB MANOIR ST J-BAPTISTE (SMK),O,True,,9
LKODEM,1,GDH,LAB PHLEBO DOMICILE KODEM,O,True,102.714104100,9
LKRLH,1,SMK,LAB REX LIONS HOME (SMK),O,True,,9
LKVM,1,SMK,LAB VILLA MARIA (SMK),O,True,,9
LLAM,1,GDH,LAB HOP. LAMEQUE (I),O,False,,0
LMAINCLIN,1,GDH,LAB MAIN ST. CLINIC SUPERSTORE,O,True,,9
LMEDLUX,1,GDH,LAB CLINIQUE PRIVEE MEDICALUX,O,True,,9
LMHOCLTR,1,GDH,LAB TMH ONCO CLINICAL TRIALS,O,True,102.714101000,9
LMIRA,1,GDH,LAB HOP. MIRAMICHI (I),O,False,,0
LMND,1,GDH,LAB MANOIR NOTRE-DAME,O,True,,9
LMONC,1,GDH,LAB MONCTON HOSPITAL (I),O,False,,0
LNDSC,1,GDH,LAB NOTRE DAME DU SACRE COEUR,O,True,,9
LNORI,1,GDH,PHLEBO NOELLA RICHARD,O,True,,9
LONCO,1,GDH,LAB BUREAU DE MEDECIN,O,True,,9
LPALAB,1,GDH,LAB PATHASSIST (LAB),O,True,102.714104100,9
LPCH,1,GDH,PRINCE COUNTY HOSPITAL,O,True,,9
LPCU,1,GDH,LABORATOIRE PCU,O,True,,9
LPEDOPSY,1,GDH,LABORATOIRE PEDOPSYCHIATRIE,O,True,,9
LPHAR,1,GDH,LAB PHARMACIE,O,True,,9
LPPREC,1,GDH,LAB PHLEBO PRECISION,O,True,102.714101000,9
LQE,1,GDH,QUEEN ELIZABETH HOSPITAL (I),O,False,,9
LRCS,1,GDH,LAB. RECHERCHE COEUR SANTE,O,True,,9
LRD,1,GDH,LAB TEST EAU MACHINES DIALYSE,O,True,,9
LRDERM,1,GDH,LAB RECHERCHE DERMATOLOGIE,O,True,,9
LREC,1,GDH,RECHERCHE LABORATOIRE,O,True,,9
LREX,1,GDH,LAB REXTON HEALTH CENTER (I),O,False,,9
LRHC,1,GDH,RECONNECT HEALTH CENTRE,O,True,,9
LRLK,1,GDH,LAB RECHERCHE LAB KINESIOLOGIE,O,False,,9
LRM,1,GDH,LAB RESIDENCE MONCTON,O,True,,9
LROG,1,GDH,LAB CENTRE ROGERSVILLE (I),O,False,,9
LSA,1,GDH,LAB CENTRE ST-ANTOINE,O,True,,9
LSACK,1,GDH,LAB HOP. SACKVILLE (I),O,False,,0
LSERS,1,GDH,LAB SERVICE SANTE,O,True,,9
LSF,1,GDH,LAB SOMMET FRANCOPHONI (I),O,False,,9
LSH,1,GDH,LAB CENTRE DE SHEDIAC (I),O,False,,9
LSHC,1,GDH,LAB SUSSEX HEALTH CENTER,O,False,,9
LSO,1,GDH,LAB SALLE D'OPERATION,O,True,,9
LSOH,1,GDH,LAB SANTE OPTIMALE HEALTH,O,True,,9
LSOMS,1,GDH,LABORATOIRE DE SOMMEIL SALLE,O,False,,1
LSP,1,GDH,LAB SANTE PUBLIQUE,O,True,,9
LST-J,1,GDH,LAB HOP. REG. SAINT JOHN (I),O,False,,0
LST-Q,1,GDH,LAB HOP ST-QUENTIN (I),O,False,,0
LSTJRCC,1,GDH,LAB ST JOHN REG CORRECTIONAL C,O,True,102.714104500,9
LTRA,1,GDH,LAB HOP. TRACADIE (I),O,False,,0
LTRICLIN,1,GDH,LAB TRINITY CLINIC SUPERSTORE,O,True,,9
LUM,1,GDH,LAB UNIVERSITE DE MONCTON,O,True,,9
LUMF,1,GDH,LAB UNITE MEDECINE FAMILIALE,O,True,,9
LV,1,GDH,LAB VASCULAIRE,O,True,102.713504210,0
LVCT,1,GDH,LAB VASCULAIRE CONS TELE,O,True,102.713504210,0
LVON,1,GDH,LAB VICT. ORDER NURSES,O,True,,9
LVP,1,GDH,LAB VILLA PROVIDENCE,O,True,,9
LVR,1,GDH,LAB VILLA DU REPOS,O,True,,9
LVRH,1,GDH,VALLEY REGIONAL HOSPITAL,O,False,,9
LXEMP,6,LX,LX.EXTRA MURALE INTERFACE (LX),O,True,,
LYRH,1,GDH,YARMOUTH REGIONAL HOSPITAL (I),O,False,,9
MAIN,1,GDH,MAINTENANCE (I),D,False,,
MAT,6,CA,***MATERNITE - CARAQUET,I,False,,1
MCA,1,CMS,CL - MEDECINS  (CMS),O,True,,1
MCALL,1,CMS,CL. W.ALLANACH (CMS),O,False,,1
MCALLE,1,CMS,CL. ALLERGIE (CMS),O,False,,0
MCALSAM,1,CMS,(I)   ALLERGIE SAINT-AMANT,O,False,,1
MCAUF,1,CMS,CL. J.M.AUFFREY (CMS),O,True,,1
MCBAZ,1,CMS,CL. S. BAZINET (CMS),O,True,,1
MCBOU,1,CMS,CL. R. BOUDREAU (CMS),O,True,,1
MCCAR,1,CMS,(I)  DR JULIE CARRIER (CMS),O,False,,1
MCCLTAB,1,CMS,MC CLIN. TABAGISME,O,True,,0
MCCLTABCT,1,CMS,CMS CLI TABAGISTE CONSEIL TELE,O,True,,0
MCCLTABI,1,CMS,CMS CLIN TABAGISTE INITIALE,O,True,,0
MCCLTABVV,1,CMS,MC CL TAGABISME VISITE VIRT.,O,True,,0
MCD,1,GDH,MAG.CENTRAL.DIST.,D,True,,
MCDES,1,CMS,CL DR MELANIE DESJARDINS (CMS),O,True,,1
MCDIAB,1,CMS,CL. DIABETIQUE (CMS),O,True,,0
MCDIABCT,1,CMS,CMS CLI DIAB CONSEIL TELE,O,True,,0
MCDIABINCT,1,CMS,CMS CL.DIAB.INF. CONS.TEL.,O,True,,0
MCDIABINF,1,CMS,CMS CL.DIABETIQUE INFIRMIERE,O,True,,0
MCDIABINVV,1,CMS,CMS CL.DIAB.INF. VIS. VIRT.,O,True,,0
MCE,1,CMS,CMS EDUCATION,O,False,,0
MCGRA,1,CMS,(I)    DR NATHALIE GRANT (CMS),O,False,,1
MCHTA,1,CMS,(I) HAUTE T. ARTERIELLE (CMS),O,False,,0
MCING,1,CMS,(I) CLINIQUE D INGLES (CMS),O,False,,0
MCINH,1,CMS,MC INHALO (CMS),O,False,,0
MCINJ,1,CMS,CL INJECTION**ne pas utiliser*,O,False,,3
MCLAN,1,CMS,CL. E.LANDRY (CMS),O,True,,1
MCLANJ,1,CMS,"LANDRY,JACQUES (CMS)",O,True,,1
MCLEBV,1,CMS,(I) DR VERONIQUE LEBLANC (CMS),O,False,,1
MCLEG,1,CMS,CL. C.LEGRESLEY (CMS),O,True,,1
MCLSPD,1,CMS,CMS CL. SOINS PIEDS DIABETIQUE,O,True,,0
MCMEL,1,CMS,CLIN. DR JULES MELANSON (CMS),O,True,,1
MCMELJ,1,CMS,CL. JOSEE MELANSON (CMS),O,True,,1
MCMENO,1,CMS,(I)   CL. MENOPAUSE (CMS),O,False,,0
MCMER,1,CMS,(I)      CL. D.MERCIER (CMS),O,False,,1
MCMOR,1,CMS,(I) INF.PRAT.S. MORIN (CMS),O,False,,1
MCNUT,1,CMS,CL. NUTRITION (CMS),O,True,103.714450000,0
MCNUTCT,1,CMS,CMS CL.NUTRITION CONT.TELEPHON,O,True,103.714450000,0
MCNUTVV,1,CMS,CMS CLIN. NUTRITION VIS.VIRT.,O,True,103.714450000,0
MCPANDEMIE,1,CMS,CL. DEPISTAGE PANDEMIE  (CMS),O,True,,0
MCPAP,1,CMS,CMS PAP TEST,O,True,,3
MCPHLE,1,CMS,SHEDIAC PHLEBOTOMIE (CMS),O,True,,0
MCPLO,1,CMS,(I)  CL. J.Y.PLOURDE (CMS),O,False,,1
MCSAC,1,CMS,CL. CARL SAINT-AMAND   (CMS),O,True,,1
MCSAM,1,CMS,CL. S.SAINT-AMANT (CMS),O,False,,1
MCSIML,1,CMS,(I) Dr Louis-Marie Simard,O,False,,1
MCSIN,1,CMS,CL. SUIVI INFIRMIER (CMS),O,True,,0
MCSINM,1,CMS,SUIVI INF. ET MEDECIN (CMS),O,True,,3
MCSS,1,CMS,(I) SERVICE SOCIAL (CMS),O,False,,0
MCTA,1,CMS,CL. TENSION ARTERIELLE (CMS),O,False,,0
MCTELEMED,1,CMS,CMS CLINIQUE TELEMEDECINE,O,True,,0
MCTHE,1,CMS,CLIN CMS MARYSE THERIAULT,O,True,,1
MCTHI,1,CMS,CL. HELENE THIBAULT (CMS),O,True,,1
MCTOU,1,CMS,MC TOUCHBURN  (CMS),O,False,,1
MDC,1,GDH,MONCTON DETENTION CT. (I),O,False,,9
MDIABCOMBM,1,GDH,GESTION DIABETE COMM.B. MD,O,False,,0
MDIABCOMCT,1,GDH,GESTION DIABETE COMM CON TELE,O,False,,0
MDIABCOMMU,1,GDH,GESTION DIAB COMMUNAUTAIRE,O,False,,0
MED,6,TR,***MEDICAL - TRACADIE,I,False,,1
MEDI,5,CRH,MEDICAL,I,False,,1
MEDICALE,1,GDH,Medical (rapport),D,True,,
MEDJ,1,GDH,MEDECINE D'UN JOUR,O,False,,8
MEDN,1,GDH,MED. NUCLEAIRE,O,True,102.714154000,3
MIC,1,GDH,MICROBIOLOGIE,D,True,,
MICU,6,BA,***MICU - BATHURST,I,False,,1
MIRA,1,GDH,HOP. MIRAMICHI,O,False,,9
MONC,1,GDH,MONCTON HOSPITAL,O,True,102.910001140,9
MOR,1,GDH,MORGUE,O,True,102.714104110,9
MPAL,5,CRH,MEDICAL/PALLIATIVE CARE,I,False,,1
MSJB,1,GDH,MANOIR ST J-BAPT(BOUC),O,True,102.910001140,9
MTC,1,GDH,MONCTON DENTION CT. (I),O,False,,
NEPTEL,1,GDH,NEPHROLOGIE CONSEIL TELEPHONIQ,O,True,102.713408610,7
NICU,5,CRH,NEONATAL NURSERY,I,False,,1
NURS,5,CRH,NURSERY,I,False,,1
OBSERV,1,GDH,OBSERVATION,I,False,,0
OBST,5,CRH,OBSTETRICS AND GYNECOLOGY,I,False,,1
ONADM,1,GDH,ONCO ADMINISTRATION,D,True,,
ONARC,1,GDH,ONCO ARCHIVES,D,True,,
ONCHI,1,GDH,ONCO 1 CHIMIOTHERAPIE,O,True,102.713406600,5
ONCHIPED,1,GDH,ONCO CHIMIOTHERAPIE PEDIATRIE,O,True,102.713406620,5
ONCHIR,1,GDH,ONCO CHIRURGIE,O,False,,5
ONCLHCFOHS,1,GDH,ONC CL HEMA CON FORO.HORS SITE,O,False,,5
ONCLHCHS,1,GDH,ONCO CL HEMA CON HORS SITE,O,True,102.713406600,5
ONCLHSFOHS,1,GDH,ONC CL HEMA SUI FORO.HORS SITE,O,False,,5
ONCLHSHS,1,GDH,ONCO CL HEMA SUI HORS SITE,O,True,102.713406600,5
ONCLHSSTHS,1,GDH,(INAC)ON.CLHEMSUI.ST-HHORS SIT,O,False,,5
ONCLI,1,GDH,ONCO.1 CLIN.1ERE VIS. (I),O,False,,5
ONCLIC,1,GDH,INACTIF (ONCLIC),O,False,,5
ONCLICH,1,GDH,ONCO CLI CONS HEMATO,O,False,,5
ONCLICR,1,GDH,ONCO CLI CONS RADIO,O,True,102.713406600,5
ONCLICR*,1,GDH,ONCO CLI CONSULTE RADIO FILICE,O,True,102.713406600,5
ONCLICSR,1,GDH,(INAC)CORMIER ONCO 1 RADIO SUI,O,False,,5
ONCLIGC,1,GDH,INACTIF (ONCLIGC),O,False,,5
ONCLIGCB,1,GDH,INACTIF (ONCLIGCB),O,False,,5
ONCLIGCC,1,GDH,CHELFI ONCO CLI GYN CONS,O,False,,5
ONCLIGCF,1,GDH,(INAC)FILICE ONCO CLI GYN CONS,O,False,,5
ONCLIGCMF,1,GDH,FILICE CLI GYN CONS MEME (I),O,False,,5
ONCLIGCN,1,GDH,INACTIF (ONCLIGCN),O,False,,5
ONCLIGCNF,1,GDH,FILICE CLI GYN CONS NOUV-S (I),O,False,,5
ONCLIGCR,1,GDH,INACTIF (ONCLIGCR),O,False,,5
ONCLIGCRC,1,GDH,(INACT)COMEAU ONCO 1 GYN CONS,O,False,,5
ONCLIGCS,1,GDH,(INACT)SAVOIE ONCO 1 GYN CONS,O,False,,5
ONCLIGCW,1,GDH,(INACT) WILL ONCO 1 GYN CONS,O,False,,5
ONCLIGS,1,GDH,INACTIC (ONCLIGS),O,False,,5
ONCLIGSB,1,GDH,BEAULIEU ONCO 1 GYN SUIVI (I),O,False,,5
ONCLIGSC,1,GDH,CHELFI ONCO 1 GYN SUIVI,O,False,,5
ONCLIGSF,1,GDH,(INACT) FILICE ONCO 1 GYN SUI,O,False,,5
ONCLIGSN,1,GDH,NADEAU ONCO 1 GYN SUIVI (I),O,False,,5
ONCLIGSR,1,GDH,ROBICHAUD ONCO 1 GYN SUIVI (I),O,False,,5
ONCLIGSRA,1,GDH,DR A ROBICHAUD ONCO GYN SUIVI,O,False,,5
ONCLIGSRC,1,GDH,(INACT) R.COME ONCO 1 GYN SUI,O,False,,5
ONCLIGSS,1,GDH,(INACT) SAVOIE ONCO 1 GYN SUI,O,False,,5
ONCLIGSW,1,GDH,(INACT) WILL ONCO 1 GYN SUI,O,False,,5
ONCLIGYNC,1,GDH,ONCO CLI GYN CON,O,True,102.713406600,5
ONCLIGYNS,1,GDH,ONCO CLI GYN SUIVI,O,True,102.713406600,5
ONCLIH,1,GDH,(INACTIF) ONCLIH,O,False,,5
ONCLIHC,1,GDH,ONCO CLI HEMATO CONS,O,True,102.713406600,5
ONCLIHCB,1,GDH,ONCO CLI HEMAT CONS BRIGDEN(I),O,False,,5
ONCLIHCBHS,1,GDH,(INACT)ON CLHEMACONBENJ.HORSSI,O,False,,5
ONCLIHCBM,1,GDH,ONCO CLIN HEMATO CONS BRIGDEN,O,False,,5
ONCLIHCF,1,GDH,ONCO.CLIN HEMATO CONS FRIEDMAN,O,False,,5
ONCLIHCFHS,1,GDH,(INACT)ONCCLHEMA CONFINNHORSIT,O,False,,5
ONCLIHCFI,1,GDH,(INACT)FINN ONCO CLIN HEMA CON,O,False,,5
ONCLIHCGHS,1,GDH,(INACT)ONC CLHEMCONGHED.HORSSI,O,False,,5
ONCLIHCMO,1,GDH,OLNEY CLI HEMAT CONS MEME- (I),O,False,,5
ONCLIHCMW,1,GDH,WHITLOCK CLI HEM CON MEME- (I),O,False,,5
ONCLIHCNO,1,GDH,OLNEY CLI HEMAT CONS NOU. (I),O,False,,5
ONCLIHCNW,1,GDH,WHITLOCK CLI HEM CON NOUV. (I),O,False,,5
ONCLIHCO,1,GDH,OLNEY ONCO CLIN HEMATO CONS,O,False,,5
ONCLIHCS,1,GDH,INACTIF (ONCLIHCS),O,False,,5
ONCLIHCSHS,1,GDH,(INACT)ONCCLHEMACONST-H HORSSI,O,False,,5
ONCLIHCST,1,GDH,(INACT) ONCO CL HEMA CON ST-HI,O,False,,5
ONCLIHCV,1,GDH,VANTELON ONCO CLIN HEMATO CONS,O,False,,5
ONCLIHCW,1,GDH,(INACT) WHIT ONCO CLI HEMA CON,O,False,,5
ONCLIHCWHS,1,GDH,(INACT)ONCCLHEMACON WHIT.HORSI,O,False,,5
ONCLIHS,1,GDH,(INACTIF) ONCLIHS,O,False,,5
ONCLIHSB,1,GDH,ONCO CLIN HEMAT SUIV BRIGDEN(I,O,False,,5
ONCLIHSBHS,1,GDH,ONC CL HEMA SUI BENJ.HORS SITE,O,False,,5
ONCLIHSBM,1,GDH,ONCO CLIN HEMATO SUIVI BRIGDEN,O,False,,5
ONCLIHSFHS,1,GDH,(INA)ONCCL.HEMSUI FINN HORSSIT,O,False,,5
ONCLIHSFI,1,GDH,(INACT)FINN ONCO CLIN HEMA SUI,O,False,,5
ONCLIHSGHS,1,GDH,ONC CL HEMA SUI GHED.HORS SITE,O,False,,5
ONCLIHSO,1,GDH,OLNEY ONCO CLIN HEMATO SUI (I),O,False,,5
ONCLIHSS,1,GDH,INACTIF (ONCLIHSS),O,False,,5
ONCLIHSST,1,GDH,(INACT) ON CLI HEMA SUI ST-HI,O,False,,5
ONCLIHSV,1,GDH,VANTELON ONCO CLIN HEMA SUIVI,O,False,,5
ONCLIHSW,1,GDH,(INACT)WHIT ONCO CLI HEMAT SUI,O,False,,5
ONCLIHSWHS,1,GDH,ONC CL HEMA SUI WHIT.HORS SITE,O,False,,5
ONCLIM,1,GDH,(INACTIF) ONCLIM,O,False,,5
ONCLIMC,1,GDH,ONCO CLI MEDICAL CONS,O,True,102.713406600,5
ONCLIMCB,1,GDH,ONCO. CLIN MED CONS BRIGDEN(I),O,False,,5
ONCLIMCBE,1,GDH,(INACT)BENJ ONCO1 MEDICAL CONS,O,False,,5
ONCLIMCBHS,1,GDH,(INACT)ONCCL MEDCON BENJ.HORSI,O,False,,5
ONCLIMCC,1,GDH,CARPIUC ONCO CLIN MED CONS,O,False,,5
ONCLIMCCA,1,GDH,CARPIUC ONCO.CLIN.MED.CONS.,O,False,,5
ONCLIMCF,1,GDH,ONCO.CLIN MEDICAL CONS FRI (I),O,False,,5
ONCLIMCFHS,1,GDH,(INACT)ONC CLMEDCON FINN HORSI,O,False,,5
ONCLIMCFI,1,GDH,(INACT)FINN ONCO 1 MEDI CON,O,False,,5
ONCLIMCFO,1,GDH,ONC CL MED CONS FOROUZESH,O,False,,5
ONCLIMCG,1,GDH,(INACT)ONCO CLI MED CONS GHEDI,O,False,,5
ONCLIMCGHS,1,GDH,(INACT)ONCCLMEDCON GHED. HORSI,O,False,,5
ONCLIMCHS,1,GDH,ONCO CL MED CONS HORS SITE,O,True,102.713406600,5
ONCLIMCMO,1,GDH,OLNEY CLI MED CONS MEME-S (I),O,False,,5
ONCLIMCMP,1,GDH,PRADY CLI MED CONS MEME-S (I),O,False,,5
ONCLIMCMR,1,GDH,RUBIN CLI MED CON MEME-SITE,O,False,,5
ONCLIMCMW,1,GDH,WHITLOCK CLI MED CON MEME-SITE,O,False,,5
ONCLIMCNO,1,GDH,OLNEY CLI MED CONS NOUV. (I),O,False,,5
ONCLIMCNP,1,GDH,PRADY CLI MED CONS NOUV. (I),O,False,,5
ONCLIMCNR,1,GDH,RUBIN CLI MED CON NOUVEAU-SITE,O,False,,5
ONCLIMCNW,1,GDH,WHITLOCK CLI MED CON NOU. (I),O,False,,5
ONCLIMCO,1,GDH,OLNEY ONCO 1 CLI MEDICAL  (I),O,False,,5
ONCLIMCP,1,GDH,PRADY ONCO 1 MEDICALE CONS (I),O,False,,5
ONCLIMCR,1,GDH,RUBIN ONCO 1 MEDICALE CONS,O,False,,5
ONCLIMCS,1,GDH,INACTIF (ONCLIMCS),O,False,,5
ONCLIMCSHS,1,GDH,(INACT)ONC CLMEDCONST-H HOR SI,O,False,,5
ONCLIMCST,1,GDH,(INACT) ON CLI MED CONS ST-HI,O,False,,5
ONCLIMCV,1,GDH,VANTELON CLIN MED CONS,O,False,,5
ONCLIMCW,1,GDH,(INACT) WHIT ONCO 1 MEDI CON,O,False,,5
ONCLIMCWHS,1,GDH,(INACT)ONCCLMEDCON WHIT.HOR SI,O,False,,5
ONCLIMRCR,1,GDH,ONCO.1 MEDICAL CONSULT RUBIN(I,O,False,,5
ONCLIMS,1,GDH,ONCO CLI MED SUIVI,O,True,102.713406600,5
ONCLIMSB,1,GDH,ONCO CLIN MED.SUIVI BRIGDEN(I),O,False,,5
ONCLIMSBE,1,GDH,(INACT)BENJ ONCO1 MEDI SUI,O,False,,5
ONCLIMSBHS,1,GDH,(INAC) ONCL MEDSUIBENJ.HOR SIT,O,False,,5
ONCLIMSC,1,GDH,(INACTIF) ONCLIMSC,O,False,,5
ONCLIMSCA,1,GDH,CARPIUC ONCO CLIN MED SUIVI,O,False,,5
ONCLIMSF,1,GDH,ONCO CLIN MED. SUIVI FRIED (I),O,False,,5
ONCLIMSFHS,1,GDH,(INAC)ONCCL MEDSUI FINN HOR SI,O,False,,5
ONCLIMSFI,1,GDH,(INACT) FINN ONCO 1 MEDI SUI,O,False,,5
ONCLIMSFO,1,GDH,FOROUZESH ONCO MED CHIM SUIVI,O,False,,5
ONCLIMSG,1,GDH,(INACT) ON CLIN MEDI SUI GHEDI,O,False,,5
ONCLIMSGHS,1,GDH,(INACT)ONCCLMEDSUIGHED.HORSSIT,O,False,,5
ONCLIMSHS,1,GDH,ONCO CLI MED SUIVI HORS SITE,O,True,102.713406600,5
ONCLIMSJ,1,GDH,ONCO CLI MEDICAL SUIVI JANICE,O,False,,5
ONCLIMSL,1,GDH,ONCO CL MED SUIVI LINDA DALPE,O,False,,5
ONCLIMSO,1,GDH,OLNEY ONCO 1 MEDICALE SU (I),O,False,,5
ONCLIMSP,1,GDH,PRADY ONCO 1 MEDICALE SUI. (I),O,False,,5
ONCLIMSR,1,GDH,RUBIN ONCO 1 MEDICALE SUIVI,O,False,,5
ONCLIMSS,1,GDH,INFACTIF (ONCLIMSS),O,False,,5
ONCLIMSST,1,GDH,(INACT)ONCO CLIMED SUIVI ST-HI,O,False,,5
ONCLIMSV,1,GDH,VANTELON ONCO CLIN MED SUIVI,O,False,,5
ONCLIMSW,1,GDH,(INACT)WHIT ONCO 1 MEDI SUI,O,False,,5
ONCLIMSWHS,1,GDH,(INACT)ONCCLMEDSUIWHIT.HORSIT,O,False,,5
ONCLIOCC,1,GDH,CHELFI ONCO 1 ORL CONS,O,False,,5
ONCLIOCF,1,GDH,(INACT)FILICE ONCO CLI ORL CON,O,False,,5
ONCLIOCG,1,GDH,(INACT)GIBER ONCO 1ORLCONS (I),O,False,,5
ONCLIOCJ,1,GDH,(INACT)JONES ONCO 1ORLCONS(I),O,False,,5
ONCLIOCL,1,GDH,LEMAIRE ONCO 1 ORL CONS,O,False,,5
ONCLIOCMF,1,GDH,FILICE CLI ORL CONS MEME-SITE,O,False,,5
ONCLIOCNF,1,GDH,FILICE CLI ORL CONS NOUV. (I),O,False,,5
ONCLIOCNR,1,GDH,CLI ONCO CONS NOUVEAU-S  (I),O,False,,5
ONCLIOCR,1,GDH,(INACT)ROBI R. ONCO 1 ORL CON,O,False,,5
ONCLIOCRC,1,GDH,(INACT) R.COME ONCO 1 CLIN CON,O,False,,5
ONCLIOCS,1,GDH,(INACT)SAVOIE ONCO 1 CLIN CONS,O,False,,5
ONCLIOCSA,1,GDH,(INACTIF) ONCLIOCSA,O,False,,5
ONCLIOCW,1,GDH,(INACT) WILL ONCO 1 CLIN CON,O,False,,5
ONCLIONCB,1,GDH,ONCO 1 ONCO. CONS. BLOUIN (I),O,False,,5
ONCLIONCS,1,GDH,ONCO 1 ONCO CONS SAUCIUC (I),O,False,,5
ONCLIONS,1,GDH,(INACTIF) ONCLIONS,O,False,,5
ONCLIONSB,1,GDH,INACTIF (ONCLIONSB),O,False,,5
ONCLIONSS,1,GDH,ONCO 1 ONCO SUIVI SAUCIUC (I),O,False,,5
ONCLIORLC,1,GDH,ONCO CLI ORL CONS,O,True,102.713406600,5
ONCLIORLS,1,GDH,ONCO CLI ORL SUIVI,O,True,102.713406600,5
ONCLIOS,1,GDH,(INACTIF) ONCLIOS,O,False,,5
ONCLIOSA,1,GDH,(INACT)ALLARD ONCO CLI ORL SUI,O,False,,5
ONCLIOSC,1,GDH,CHELFI ONCO 1 ORL SUIVI,O,False,,5
ONCLIOSF,1,GDH,(INACT) FILICE ONCO 1 ORL SUI,O,False,,5
ONCLIOSG,1,GDH,(INACT)GIBERSON ONCO 1 ORL SUI,O,False,,5
ONCLIOSJ,1,GDH,JONES ONCO 1 ORL SUIVI  (I),O,False,,5
ONCLIOSL,1,GDH,(INACT)LEMAIRE CLI ORL SUIVI,O,False,,5
ONCLIOSM,1,GDH,MACCALLUM ONCO CLIN ORL SUIVI,O,False,,5
ONCLIOSMC,1,GDH,MCNEIL ONCO 1 ORL SUIVI,O,False,,5
ONCLIOSR,1,GDH,(INACT)ROBI R. ONCO 1 ORL SUI,O,False,,5
ONCLIOSRA,1,GDH,DR A  ROBICHAUD ONCO SUIVI,O,False,,5
ONCLIOSRC,1,GDH,(INACT) R.COME ONCO 1 ONCO SUI,O,False,,5
ONCLIOSS,1,GDH,(INACT) SAVOIE ONCO 1 ONCO SUI,O,False,,5
ONCLIOSSA,1,GDH,SAVAGE ONCO CLIN ORL SUIVI,O,False,,5
ONCLIOSW,1,GDH,(INACT) WILL ONCO 1 ONCO SUI,O,False,,5
ONCLIPCD,1,GDH,ONCO CLIN PED CONS DESCHAINES,O,False,,5
ONCLIPCL,1,GDH,(INACT)G.LEBL ONCO CLI PED CON,O,False,,5
ONCLIPCN,1,GDH,(INACT)ONCO CLI PED.CON NICOLE,O,False,,5
ONCLIPCNH,1,GDH,(INACT)ONCO CLI.PED.CON NATA H,O,False,,5
ONCLIPEDC,1,GDH,ONCO CLI PEDIATRIE CONSULTE,O,True,102.713406620,5
ONCLIPEDS,1,GDH,ONCO CLI PEDIATRIE SUIVI,O,True,102.713406620,5
ONCLIPSD,1,GDH,ONCO CLIN PED SUIVI DESCHAINES,O,False,,5
ONCLIPSL,1,GDH,(INACT) G.LEBL ONC CLI PED SUI,O,False,,5
ONCLIPSN,1,GDH,(INACT)ONCO CLI PED.SUI NICOLE,O,False,,5
ONCLIPSNH,1,GDH,(INACT)ONCO CLI.PED.SUI NATA H,O,False,,5
ONCLIR,1,GDH,(INACTIF) ONCLIR,O,False,,5
ONCLIRCC,1,GDH,CHELFI ONCO 1 RADIO CONS (I),O,False,,5
ONCLIRCF,1,GDH,(INACT)FILICE ONCO 1 RADIO CON,O,False,,5
ONCLIRCL,1,GDH,(INACT)LIRETTE ONCO 1 RADI CON,O,False,,5
ONCLIRCLL,1,GDH,(INACT)LEB L.ONC CLI RADI CONS,O,False,,5
ONCLIRCMF,1,GDH,FILICE CLI RADIO CON MEME (I),O,False,,5
ONCLIRCML,1,GDH,LIRETTE CLI RADIO CON MEME (I),O,False,,5
ONCLIRCMLL,1,GDH,LEBLANC L.RADIO CONS MEME (I),O,False,,5
ONCLIRCMR,1,GDH,ROJAS CLI RADIO CONS MEME (I),O,False,,5
ONCLIRCNF,1,GDH,FILICE CLI RADIO CON NOUV. (I),O,False,,5
ONCLIRCNL,1,GDH,LIRETTE CLI RADIO CON NOU. (I),O,False,,5
ONCLIRCNLL,1,GDH,LEBLANC L. NOUVEAU PT CON (I),O,False,,5
ONCLIRCNR,1,GDH,ROJAS CLI RADIO CONS NOUVEAU-S,O,False,,5
ONCLIRCR,1,GDH,ROJAS ONCO 1 RADIO CONS,O,False,,5
ONCLIRS,1,GDH,(INACTIF) ONCLIRS,O,False,,5
ONCLIRSC,1,GDH,CHELFI ONCO 1 RADIO SUIVI,O,False,,5
ONCLIRSF,1,GDH,(INACT)FILICE ONCO 1 RADIO SUI,O,False,,5
ONCLIRSL,1,GDH,(INACT) LIRETTE ONCO1 RAD SUIV,O,False,,5
ONCLIRSLA,1,GDH,(INACT)E.LANDRY ONCO1 RADI SUI,O,False,,5
ONCLIRSLL,1,GDH,(INACT) ONCO DR LINDA LEB SUI,O,False,,5
ONCLIRSR,1,GDH,(INACT)ROJAS ONCO 1 RADIO SUI,O,False,,5
ONCLIS,1,GDH,ONCO 1 CLINIQUE DE SEINS,O,True,102.713406610,5
ONCLISH,1,GDH,ONCO CLI HEMATO SUIVI,O,True,102.713406600,5
ONCLISR,1,GDH,ONCO CLI SUIVI RADIO,O,True,102.713406600,5
ONCLISR*,1,GDH,ONCO CLIN SUIVI RADIO FILICE,O,True,102.713406600,5
ONCLIUCC,1,GDH,CHELFI ONCO 1 URO CONS,O,False,,5
ONCLIUCF,1,GDH,(INACT)FILICE ONCO 1 URO CON,O,False,,5
ONCLIUCMF,1,GDH,FILICE CLI URO CON MEME-SITE,O,False,,5
ONCLIUCMR,1,GDH,ROJAS CLI URO CONS MEME- (I),O,False,,5
ONCLIUCNF,1,GDH,FILICE CLI URO CON NOUV. (I),O,False,,5
ONCLIUCNR,1,GDH,ROJAS CLI URO CONS NOUVE. (I),O,False,,5
ONCLIUCR,1,GDH,ROJAS ONCO 1 URO CONS,O,False,,5
ONCLIUS,1,GDH,(INACTIF) ONCLIUS,O,False,,5
ONCLIUSC,1,GDH,CHELFI ONCO 1 URO SUIVI (I),O,False,,5
ONCLIUSF,1,GDH,(INACT)FILICE ONCO 1 URO SUI,O,False,,5
ONCLIUSR,1,GDH,ROJAS ONCO 1 URO SUIVI,O,False,,5
ONCLMCFOHS,1,GDH,(INACT)ONCCL MEDCON FORO.HORSI,O,False,,5
ONCLMSFO,1,GDH,ONC CL MED SUIVI FOROUZESH,O,False,,5
ONCLMSFOHS,1,GDH,ONC CL MED SUI FOROU.HORS SITE,O,False,,5
ONCLMSSTHS,1,GDH,(INACT)ONC CLMEDSUIST-HHORSSIT,O,False,,5
ONCO,1,GDH,ONCOLOGIE,O,True,102.713406600,5
ONCOSTMD,1,GDH,ONCO CONSEILS TELEPHONIQUES MD,O,True,102.713406600,5
ONCOSTSI,1,GDH,ONCO SUIVI TELEPHONIQUE INF.,O,True,102.713406600,5
ONCPHA,1,GDH,ONCO PHARMACIE (I),D,False,,
ONCREC,1,GDH,ONCO CLINIQUE RECHERCHE,O,False,,5
ONCU-CS,1,GDH,ONCO 0 CURIE CESIUM,O,False,,5
ONCU-HDR,1,GDH,(INACT) ONCO 0 CURIE HDR,O,False,,5
ONCU-IR,1,GDH,ONCO 0 CURIE IRIDIUM,O,False,,5
ONCUEP,1,GDH,(INACT)ONCO CURIE ECHO-PREVIO,O,False,,5
ONCUI,1,GDH,ONCO CURIE IODE 125,O,False,,5
ONCURI,1,GDH,ONCO 0 CURIE,O,True,102.713406600,5
ONCUXI,1,GDH,ONCO CURIE IN-PT IODE 125,O,False,,5
ONDIET,1,GDH,ONCO DIETETIQUE,D,True,,
ONHBM,1,GDH,ONCO HEMATO BIOPSIE MOELLE,O,True,102.713406600,5
ONHEMA,1,GDH,ONCO 1 HEMATOLOGIE,O,False,,5
ONHOP,1,GDH,(INACTIF) ONHOP,O,False,,5
ONKDS2,1,GDH,ONCO 0 KDS2,O,False,,5
ONKVHDR,1,GDH,(INACTIVE) ONKVHDR,O,False,,5
ONM2,1,GDH,ONCO 0 M2,O,False,,5
ONMED,1,GDH,ONCO MEDICALE,O,False,,5
ONMED1,1,GDH,ONCO MED CLINIQUES,D,True,,
ONMED2,1,GDH,ONCO MED RADIATION,D,True,,
ONMKDS2,1,GDH,ONCO 0 MISE PLACE KDS2,O,False,,5
ONMKVHDR,1,GDH,ONCO 0 MISE PLACE KVHDR,O,False,,5
ONMM2,1,GDH,ONCO 0 MISE PLACE M2,O,False,,5
ONMORTHO,1,GDH,ONCO. M.E.P. ORTHOVOLTAGE,O,True,102.714660030,5
ONMOU,1,GDH,ONCO 0 MOULAGE,O,True,102.714660030,5
ONMPRIMUS,1,GDH,ONCO MEP PRIMUS,O,False,,5
ONNAR,1,GDH,ONCO 0 NARCOTIC,D,True,,
ONNAV,1,GDH,ONCO INF.PIVOT/NAV,O,True,102.715401000,5
ONNAVCT,1,GDH,ONCO INF. PIVOT/NAV CONT.TELE.,O,True,102.715401000,5
ONORL,1,GDH,(INACTIF) ONORL,O,False,,5
ONORTHO,1,GDH,(INACT)ONCO ORTHOVOLTAGE,O,False,,5
ONP4D,1,GDH,ONCO PHLEBO 4D (EXTERNE),O,False,,5
ONPAL,1,GDH,ONCO PALLIATIF,O,True,102.713406600,5
ONPCURI,1,GDH,ONCO 0 PRE-CURIE,O,False,,5
ONPEDISINF,1,GDH,ON INFIRMIERE ONCOPEDIATRIQUE,O,True,102.713406620,5
ONPEDNAV,1,GDH,ONCO PED PIVOT SITE GDH,O,True,102.713406620,5
ONPEDNAVCT,1,GDH,ONCO PED PIVOT CONTACT TELEPHO,O,True,102.713406620,5
ONPEDNAVHS,1,GDH,ONCO PED PIVOT HORS SITE,O,True,102.713406620,5
ONPHA,1,GDH,ONCO PHARMACIE,D,True,,
ONPHL,1,GDH,ONCO 1 PHLEBOTOMIE,O,True,102.713406600,5
ONPRA,1,GDH,ONCO 0 POSTE RADIATION,O,False,,5
ONPRIMUS,1,GDH,ONCO PRIMUS,O,True,102.714660030,5
ONPT,1,GDH,ONCO PATIENT,I,False,,9
ONREC,1,GDH,ONCO RECEPTION,D,True,,
ONRSUR,1,GDH,ONCO 0 RADIO SURVEILLANCE,O,True,102.713406600,5
ONRTT,1,GDH,ONCO RADIOTHERAPIE TRAITEMENT,O,True,102.714660030,5
ONSI,1,GDH,ONCO 1 SUIVI INFIRMIER,O,True,102.713406600,5
ONSIM,1,GDH,ONCO SIMULATION,O,True,102.714660030,5
ONSIM-LM,1,GDH,ONCO 0 SIM LIGNE MEDIANE,O,False,,5
ONSIM-NP,1,GDH,ONCO 0 SIM NOUVEAUX PTS,O,False,,5
ONSIM-PC,1,GDH,ONCO 0 SIM PTS CONNUS,O,False,,5
ONSIM-SUR,1,GDH,ONCO 0 SIM SURIMPRESSIONS,O,False,,5
ONSIMU,1,GDH,ONCO.0 SIMULATION (I),O,False,,5
ONST1,1,GDH,ONCO TRAITEMENT RADIATION (I),O,False,,
ONST2,1,GDH,ONCO TRAITEMENT RADIATION (I),O,False,,
ONSYNERGY1,1,GDH,(INACT) ONSYNERGY1,O,False,,5
ONSYNERGY2,1,GDH,(INACT) ONSYNERGY2,O,False,,5
ONSYNERGY3,1,GDH,(INACT) ONSYNERGY3,O,False,,5
ONTPRIMUS,1,GDH,ONCO TRAITEMENT PRIMUS,O,False,,5
ONXCHI,1,GDH,ONCO 1 INT CHIMIO,O,False,,5
ONXCHIR,1,GDH,INACTIF (ONXCHIR),O,False,,5
ONXCLIC,1,GDH,INACTIF (ONXCLIC),O,False,,5
ONXCLIGCB,1,GDH,INACTIF (ONXCLIGCB),O,False,,5
ONXCLIGCF,1,GDH,INACTIF (ONXCLIGCF),O,False,,5
ONXCLIGCN,1,GDH,INACTIF (ONXCLIGCN),O,False,,5
ONXCLIGCR,1,GDH,INACTIF (ONXCLIGCR),O,False,,5
ONXCLIGCS,1,GDH,INACTIF (ONXCLIGCS),O,False,,5
ONXCLIGSF,1,GDH,INACTIF (ONXCLIGSF),O,False,,5
ONXCLIGSS,1,GDH,INACTIF (ONSCLIGSS),O,False,,5
ONXCLIH,1,GDH,INACTIF (ONXCLIH),O,False,,5
ONXCLIHCB,1,GDH,INACTIF (ONXCLIHCB),O,False,,5
ONXCLIHCS,1,GDH,INACTIF (ONXCLIHCS),O,False,,5
ONXCLIHCW,1,GDH,INACTIF (ONXCLIHCW),O,False,,5
ONXCLIHSB,1,GDH,INACTIF (ONXCLIHSB),O,False,,5
ONXCLIHSS,1,GDH,INACTIF (ONXCLIHSS),O,False,,5
ONXCLIHSW,1,GDH,INACTIF (ONXCLIHSW),O,False,,5
ONXCLIM,1,GDH,INACTIF (ONXCLIM),O,False,,5
ONXCLIMCO,1,GDH,INACTIF (ONXCLIMCO),O,False,,5
ONXCLIMCP,1,GDH,INACTIF (ONXCLIMCP),O,False,,5
ONXCLIMCR,1,GDH,INACTIF (ONXCLIMCR),O,False,,5
ONXCLIMCS,1,GDH,INACTIF (ONXCLIMCS),O,False,,5
ONXCLIMCW,1,GDH,INACTIF (ONXCLIMCW),O,False,,5
ONXCLIMSC,1,GDH,INACTIF (ONXCLIMSC),O,False,,5
ONXCLIMSO,1,GDH,INACTIF (ONXCLIMSO),O,False,,5
ONXCLIMSP,1,GDH,INACTIF (ONXCLIMSP),O,False,,5
ONXCLIMSR,1,GDH,INACTIF (ONXCLIMSR),O,False,,5
ONXCLIMSS,1,GDH,INACTIF (ONXCLIMSS),O,False,,5
ONXCLIMSW,1,GDH,INACTIF (ONXCLIMSW),O,False,,5
ONXCLIOCF,1,GDH,INACTIF (ONXCLIOCF),O,False,,5
ONXCLIOCS,1,GDH,INACTIF (ONXCLIOCS),O,False,,5
ONXCLIOCSA,1,GDH,INACTIF (ONXCLIOCSA),O,False,,5
ONXCLIONCB,1,GDH,INACTIF (ONXCLIONCB),O,False,,5
ONXCLIONCS,1,GDH,ONCO IN-PT ONCO CONS SAUCIUC(I,O,False,,5
ONXCLIONSB,1,GDH,INACTIF (ONXCLIONSB),O,False,,5
ONXCLIONSS,1,GDH,ONCO IN-PT ONCO SUIVI SAUCIU(I,O,False,,5
ONXCLIOSF,1,GDH,INACTIF (ONXCLIOSF),O,False,,5
ONXCLIOSS,1,GDH,INACTIF (ONXCLIOSS),O,False,,5
ONXCLIR,1,GDH,INACTIF (ONXCLIR),O,False,,5
ONXCLIRCC,1,GDH,INACTIF (ONXCLIRCC),O,False,,5
ONXCLIRCF,1,GDH,INACTIF (ONXCLIRCF),O,False,,5
ONXCLIRCL,1,GDH,INACTIF (ONXCLIRCL),O,False,,5
ONXCLIRCR,1,GDH,INACTIF (ONXCLIRCR),O,False,,5
ONXCLIRSC,1,GDH,INACTIF (ONXCLIRSC),O,False,,5
ONXCLIRSF,1,GDH,INACTIF (ONXCLIRSF),O,False,,5
ONXCLIRSL,1,GDH,INACTIF (ONXCLIRSL),O,False,,5
ONXCLIRSR,1,GDH,INACTIF (ONXCLIRSR),O,False,,5
ONXCU-CS,1,GDH,ONCO 0 INT CURIE CESIUM,O,False,,5
ONXCU-HDR,1,GDH,ONCO 0 INT CURIE HDR,O,False,,5
ONXCU-IR,1,GDH,ONCO 0 INT CURIE IRIDIUM,O,False,,5
ONXHOP,1,GDH,INACTIF (ONXHOP),O,False,,5
ONXHOPGCB,1,GDH,INACTIF (ONXHOSPGCB),O,False,,5
ONXHOPGCF,1,GDH,FILICE HOS GYN CONS,O,False,,5
ONXHOPGCMF,1,GDH,FILICE HOS GYN CONS MEME (I),O,False,,5
ONXHOPGCN,1,GDH,INACTIF (ONXHOPGCN),O,False,,5
ONXHOPGCNF,1,GDH,FILICE HOS GYN CON NOUV. (I),O,False,,5
ONXHOPGCR,1,GDH,INACTIF (ONXHOPGCR),O,False,,5
ONXHOPGCS,1,GDH,SAVOIE HOS GYN CONS,O,False,,5
ONXHOPGSF,1,GDH,FILICE HOS GYN SUIVI,O,False,,5
ONXHOPGSS,1,GDH,SAVOIE HOS GYN SUIVI,O,False,,5
ONXHOPHCB,1,GDH,INACTIF (ONXHOPHCB),O,False,,5
ONXHOPHCBM,1,GDH,ONCO IN-PT HEMATO CONS BRIDGEN,O,False,,5
ONXHOPHCG,1,GDH,GHEDIRA HOSP HEMATO CONS,O,False,,5
ONXHOPHCMO,1,GDH,OLNEY HOS HEMATO CON MEME (I),O,False,,5
ONXHOPHCMW,1,GDH,WHITLOCK HOS HEMA CONS ME (I),O,False,,5
ONXHOPHCNO,1,GDH,OLNEY HOS HEMA CONS NOUV. (I),O,False,,5
ONXHOPHCNW,1,GDH,WHITLOCK HOS HEMA CONS NOUVEAU,O,False,,5
ONXHOPHCO,1,GDH,OLNEY HOS HEMATO CONS (I),O,False,,5
ONXHOPHCS,1,GDH,INACTIF (ONXHOPHCS),O,False,,5
ONXHOPHCST,1,GDH,ST-HILAIRE HOSP HEMATO CONS,O,False,,5
ONXHOPHCV,1,GDH,VANTELON IN-PT HEMATO CONS,O,False,,5
ONXHOPHCW,1,GDH,WHITLOCK HOS HEMATO CONS,O,False,,5
ONXHOPHSB,1,GDH,INACTIF (ONXHOPHSB),O,False,,5
ONXHOPHSO,1,GDH,OLNEY ONCO IN-PT HEMATO SUIVI,O,False,,5
ONXHOPHSS,1,GDH,INACTIF (ONXHOPHSS),O,False,,5
ONXHOPHSW,1,GDH,WHITLOCK HOS HEMATO SUIVI,O,False,,5
ONXHOPMCB,1,GDH,ONCO IN-PT MEDICAL CON BRIDGEN,O,False,,5
ONXHOPMCBE,1,GDH,BENJELLOUN HOS MEDIC CONS,O,False,,5
ONXHOPMCC,1,GDH,CARPIUC HOS MED CONS,O,False,,5
ONXHOPMCCA,1,GDH,CARPIUC IN-PT MEDICAL CONS,O,False,,5
ONXHOPMCF,1,GDH,ONCO HOS MEDICAL CONS FRIE.(I),O,False,,5
ONXHOPMCFI,1,GDH,FINN HOS MEDIC CONS,O,False,,5
ONXHOPMCG,1,GDH,GHEDIRA HOSP MEDIC CONS,O,False,,5
ONXHOPMCMO,1,GDH,OLNEY HOS MED CON MEME-S (I),O,False,,5
ONXHOPMCMP,1,GDH,PRADY HOS MED CONS MEME (I),O,False,,5
ONXHOPMCMW,1,GDH,WHITLOCK HOS MED CON MEME-SITE,O,False,,5
ONXHOPMCNO,1,GDH,OLNEY HOS MED CON NOUVEAU (I),O,False,,5
ONXHOPMCNP,1,GDH,PRADY HOS MED CON NOUVEAU (I),O,False,,5
ONXHOPMCNW,1,GDH,WHITHLOCK HOS MED CON NOUVEAU-,O,False,,5
ONXHOPMCO,1,GDH,OLNEY HOS MED CONS  (I),O,False,,5
ONXHOPMCP,1,GDH,PRADY HOS MEDICALE CONS (I),O,False,,5
ONXHOPMCR,1,GDH,RUBIN HOS MEDICALE CONS,O,False,,5
ONXHOPMCS,1,GDH,INACTIF (ONXHOPMCS),O,False,,5
ONXHOPMCST,1,GDH,ST-HILAIRE HOSP MEDIC CONS,O,False,,5
ONXHOPMCV,1,GDH,VANTELON IN-PT MEDICAL CONS,O,False,,5
ONXHOPMCW,1,GDH,WHITLOCK HOS MEDIC CONS,O,False,,5
ONXHOPMSO,1,GDH,OLNEY HOS MED SUIVI  (I),O,False,,5
ONXHOPMSP,1,GDH,PRADY HOS MEDICALE SUIVI,O,False,,5
ONXHOPMSR,1,GDH,RUBIN HOS MEDICALE SUIVI,O,False,,5
ONXHOPMSS,1,GDH,INACTIF (ONXHOPMSS),O,False,,5
ONXHOPMSV,1,GDH,VANTELON ONCO HOP MED SUIVI,O,False,,5
ONXHOPMSW,1,GDH,WHITLOCK HOS MEDI. SUIVI,O,False,,5
ONXHOPOCF,1,GDH,FILICE HOS ORL CONS  (I),O,False,,5
ONXHOPOCMF,1,GDH,FILICE HOS ORL CON MEME- (I),O,False,,5
ONXHOPOCNF,1,GDH,FILICE HOS ORL CON NOUVE. (I),O,False,,5
ONXHOPOCS,1,GDH,SAVOIE HOS ONCO CONS,O,False,,5
ONXHOPOCSA,1,GDH,(INACTIF) ONXHOPOCSA,O,False,,5
ONXHOPONCB,1,GDH,INACTIF (ONXHOPONCB),O,False,,5
ONXHOPONCS,1,GDH,ONCO HOS. ONCO. CONS BLOUIN(I,O,False,,5
ONXHOPONSB,1,GDH,INACTIF (ONXHOPONSB),O,False,,5
ONXHOPONSS,1,GDH,ONCO HOS. ONCO SUIVI SAUCIUC(I,O,False,,5
ONXHOPOSF,1,GDH,FILICE HOS ORL SUIVI,O,False,,5
ONXHOPOSS,1,GDH,SAVOIE HOS ONCO SUIVI,O,False,,5
ONXHOPRCC,1,GDH,CHELFI ONCO HOS RADIO CONS (I),O,False,,5
ONXHOPRCF,1,GDH,FILICE HOS RADIO CONS,O,False,,5
ONXHOPRCL,1,GDH,LIRETTE HOS RADIO CONS,O,False,,5
ONXHOPRCLL,1,GDH,LEBLANC L. HOS RADIO CONS,O,False,,5
ONXHOPRCMF,1,GDH,FILICE HOS RADIO CON MEM (I),O,False,,5
ONXHOPRCML,1,GDH,LIRETTE HOS RADIO CON MEME (I),O,False,,5
ONXHOPRCMR,1,GDH,ROJAS HOS RADIO CON MEME (I),O,False,,5
ONXHOPRCNF,1,GDH,FILICE HOS RADIO CON NOUV. (I),O,False,,5
ONXHOPRCNL,1,GDH,LIRETTE HOS RADIO CONS NOU.(I),O,False,,5
ONXHOPRCNR,1,GDH,ROJAS HOS RADIO CONS NOUV. (I),O,False,,5
ONXHOPRCR,1,GDH,ROJAS HOS RADIO CONS,O,False,,5
ONXHOPRSC,1,GDH,CHELFI ONCO HOS RADIO SUIVI,O,False,,5
ONXHOPRSF,1,GDH,FILICE HOS RADIO SUIVI (I),O,False,,5
ONXHOPRSL,1,GDH,LIRETTE HOS RADIO SUIVI (I),O,False,,5
ONXHOPRSR,1,GDH,ROJAS HOS RADIO SUIVI,O,False,,5
ONXHPO,1,GDH,ONCO INT. VU SUR ETAGE (I),O,False,,5
ONXKDS2,1,GDH,ONCO.0 INT.KDS2,O,False,,5
ONXKVHDR,1,GDH,ONCO.0 INT.KVHDR  (I),O,False,,5
ONXM2,1,GDH,ONCO.0 INT.M2,O,False,,5
ONXMKDS2,1,GDH,ONCO.0 INT.MISE EN PLACE KDS2,O,False,,5
ONXMKVHDR,1,GDH,ONCO.0 INT.MISE EN PLACE (I),O,False,,5
ONXMM2,1,GDH,ONCO.0 INT.MISE EN PLACE M2,O,False,,5
ONXMORTHO,1,GDH,ONCO IN-PT M.E.P. ORTHO,O,False,,5
ONXMOU,1,GDH,ONCO.0 INT.MOULAGE,O,False,,5
ONXMPRIMUS,1,GDH,ONCO IN-PT MEP PRIMUS,O,False,,5
ONXORTHO,1,GDH,ONCO.IN-PT ORTHOVOLTAGE,O,False,,5
ONXPHL,1,GDH,INACTIF ONCO.1 INT.PHLEBO (I),O,False,,5
ONXPRIMUS,1,GDH,ONCO IN-PT PRIMUS,O,False,,5
ONXRSUR,1,GDH,ONCO.0 INT.RADIO SURVEILLANCE,O,False,,5
ONXSI,1,GDH,INACTIF ONCO.1 INT.SUIVI IN.(I,O,False,,5
ONXSIM,1,GDH,ONCO IN-PT SIMULATION,O,False,,5
ONXSIM-LM,1,GDH,ONCO.0 INT.SIM.LIGNE MEDIANE,O,False,,5
ONXSIM-NP,1,GDH,ONCO.0 INT.SIM.NOUVEAUX PTS,O,False,,5
ONXSIM-PC,1,GDH,ONCO.0 INT.SIM.PTS CONNUS,O,False,,5
ONXSIM-SUR,1,GDH,ONCO.0 INT.SIM.SURIMPRESSION,O,False,,5
ONXTPRIMUS,1,GDH,ONCO IN-PT TRAITEMENT PRIMUS,O,False,,5
OP1WEST,6,BA,***1 WEST,O,False,,
PANDDOM,1,GDH,PANDEMIE DEPISTAGE A DOMICILE,O,True,102.713501700,0
PANDEMIE,1,GDH,PANDEMIE,O,True,102.713501700,0
PANDGDH,1,GDH,PANDEMIE CHUDGLD (EMPLOYES),O,True,102.713501700,0
PANDPREOP,1,GDH,PANDEMIE DEPISTAGE PRE-OP,O,True,,0
PANDSCHIR,1,GDH,PANDEMIE SOINS INT.MED-CHIR,I,False,102.712403000,5
PAST,1,GDH,SOINS SPIRITUELS ET RELIGIEUX,O,True,,0
PATH,1,GDH,PATHOLOGIE,D,True,,
PCEN,1,GDH,PHLEBO CLIN ENDOCRINOLOGIE,O,False,,0
PCESF,1,GDH,PHLEBO CLIN.EDUCATION.SEX.FAM,O,False,,0
PCNEP,1,GDH,PHLEBO CLIN. NEPHROLOGIE,O,True,102.714102110,0
PCOB,1,GDH,PHLEBO CLIN OBSTETRIQUE,O,True,102.714102110,0
PCREP,1,GDH,PHLEBO CLIN. DE REPRODUCTION,O,False,,0
PCRHU,1,GDH,PHLEBO CLIN. RHUMATOLOGIE,O,False,,0
PDDOM,1,GDH,PHLEBO DIALYSE A DOMICILE,O,True,102.714102110,0
PED,5,CRH,PEDIATRICS,I,False,,1
PEMG,1,GDH,PHLEBO ELECTROMYELOGRAPHIE (I),O,False,,0
PEMLIAISON,1,GDH,LIAISON EXTRA-MURAL,D,True,,
PH.HUM,1,GDH,HUMATROPE (I),O,False,,
PHACDCT,1,GDH,PHARM CL.DEPISTAGE CONT.TEL.,O,True,102.714400500,0
PHACRX,1,GDH,PHA-COORD.ACCES MEDICAMENT,D,True,,
PHADIPE,1,GDH,PHARMACIE DIALYSE PERIMES,O,True,,6
PHAR,1,GDH,PHARMACIE,O,True,102.714400500,6
PHARAMM,1,GDH,PHARM AIDE MEDICALE A MOURIR,O,True,102.714400500,6
PHCHI,1,GDH,CHIMIOTHERAPIE (PHARMACIE) (I),O,False,,
PHCOPHPED,1,GDH,PHARM CL OPHTALMO PEDIATRIE,O,True,102.713506015,6
PHCYC,1,PHA,CYCLOSPORINE (PHARMACIE),O,True,,6
PHDIA,1,PHA,DIALYSE A DOMICILE (PHARMACIE),O,True,,6
PHDIV,1,PHA,PHARMACIE DIVERS (PHARMACIE),O,True,,6
PHDORG,1,GDH,PHARMACIE DONS D'ORGANES,O,False,,6
PHFACTMM,1,PHA,FACTURATION MM  (PHA),O,True,,6
PHHDIALSA,1,PHA,HEMODIALYSE SEMI-AUTONOME(PHA),O,True,,6
PHHEM,1,PHA,HEMODIALYSE (PHARMACIE),O,True,,6
PHHEMA,1,GDH,PHARMACIE HEMATOLOGIE    (PHA),O,False,,6
PHHEMDOM,1,PHA,HEMODIALYSE DOMICILE PHARMACIE,O,True,,6
PHHUM,1,PHA,HUMATROPE (PHARMACIE),O,True,,6
PHLE,1,GDH,PHLEBOTOMIE,O,True,102.714102110,0
PHLEBOPS,1,GDH,PHLEBOTOMIE BUREAU PSYCHIATRE,O,False,,0
PHLEBOSOH,1,GDH,PHLEBO SANTE OPTIMAL HEALTH,O,True,102.714102110,9
PHOFF,1,GDH,PHARMACIE OFFICINE,D,True,,
PHONI,1,GDH,ORTHOPHONIE,O,True,102.714602000,2
PHONICT,1,GDH,ORTHOPHONIE CONTACT TELEPHONE,O,True,102.714602000,2
PHONIVV,1,GDH,ORTHOPHONIE VISITE VIRTUELLE,O,True,,2
PHONPERIM,1,PHA,ONCO MEDICAMENTS PERIMES (PHA),O,True,,6
PHPCOLL,1,GDH,PHARMACIE PRACTICIENNE COLL.,O,False,,6
PHPERIM,1,PHA,MEDICAMENTS PERIMES   (PHA),O,True,,6
PHTNM,1,PHA,TELE-NEPH MIRAMICHI(PHARMACIE),O,True,,6
PHY,1,GDH,PHYSIOTHERAPIE,O,True,102.714500000,2
PHYCT,1,GDH,PHYSIOTHERAPIE CONS.TELEPHONIQ,O,True,102.714500000,2
PHYGLADHS,1,GDH,PHY OSTEOARTHRITE HORS SITE,O,True,102.714500000,0
PHYPEDCOCT,1,GDH,PHYSIO PED COMM. CONS.TEL.,O,True,102.714500000,2
PHYPEDCOMD,1,GDH,PHYSIO PED COMMUNAUTAIR DUMONT,O,True,102.714500000,2
PHYPEDCOMS,1,GDH,PHYSIO PED COMMUNAUTAIR SMK,O,False,,2
PHYPEDCOVV,1,GDH,PHYSIO PED COMM. VIS.VIRTUELLE,O,True,,2
PHYVV,1,GDH,PHYSIOTHERAPIE VISITE VIRTUELL,O,True,,2
PNEU,1,GDH,PNEUMOLOGIE (I),O,False,,0
POUP,1,GDH,POUPONNIERE,I,False,,9
POUP.PED,1,GDH,POUPONIERE PEDIATRIE (I),I,False,,9
POUPC,1,GDH,POUPONNIERE CLINIQUE,O,True,102.712508000,0
POUPSN,1,GDH,POUP. SOINS NOUVEAU-NE,I,True,,9
PPSY,1,GDH,PHLEBO BUREAU PSYCHIATRE,O,False,102.714102110,0
PRATCOLL,1,GDH,PRATIQUE COLLABORATIF    (PHA),O,True,102.713550010,6
PREADM,1,GDH,PRE-ADMISSION,O,True,102.713501070,0
PRGPERFIC,1,GDH,PROG PERFUSION INSUF.CARDIAQUE,O,True,,0
PRGPS,1,GDH,PROG GESTION PERSONNALISEE SVC,O,True,102.715800015,0
PRGPSADM,1,GDH,PRG GESTION PERSONNALISEE ADM,O,True,102.715800015,0
PRGPSCT,1,GDH,PROG GESTION PERS.SVC CON TELE,O,True,102.715800015,0
PRGPSVV,1,GDH,PROG GESTION PERS SVC VIS.VIRT,O,True,102.715800015,0
PRMADCOM,1,GDH,PROG.MAINTIEN A DOMICILE COMM,O,True,103.715800010,0
PRMADCT,1,GDH,PROG MAINTIEN DOMICILE C.TELE,O,True,103.715800010,0
PRMADVV,1,GDH,PROG.MAINTIEN DOM. VIS. VIRT.,O,True,103.715800010,0
PRPEU,1,GDH,PROG. POINT D'ENTREE UNIQUE,O,True,,0
PRPEUCT,1,GDH,PRG. PT ENTREE UNIQUE CONT.TEL,O,True,,0
PRPEUDOM,1,GDH,PRG. PT ENTREE UNIQUE DOMICILE,O,True,,0
PRPEUVV,1,GDH,PRG. PT ENTREE UNIQUE VIS.VIRT,O,True,,0
PRPOAP,1,GDH,PRG SUIV.TEL.POST-OP APPELduPT,O,False,,0
PRPOST,1,GDH,PRG SUIVI TELEPHONIQUE POST-OP,O,False,,0
PSG,1,GDH,CL. POLY SOMNOGRAPHIE,O,True,102.714356500,2
PSGCT,1,GDH,POLYSOMNOGRAPHIE CONS TELEPHON,O,True,102.714356500,2
PSGHS,1,GDH,POLY SOMNOGRAPHIE HORS SITE,O,True,102.714356500,2
PSGVV,1,GDH,CL POLYSOMNOGRAPHIE VIS.VIRTUE,O,True,,2
PSY,1,GDH,PSYCHIATRIE,I,False,,1
PSYAN,1,GDH,PSYCHIATRE  ANDREE LEVESQUE,O,True,102.712760000,0
PSYAR,1,GDH,PSYCHIATRE DR MYLENE ARJANE,O,False,,0
PSYAU,1,GDH,PSYCHIATRE DR COLETTE AUCOIN,O,True,102.712760000,0
PSYB,1,GDH,PSYCHIATRIE-BUREAU DE MEDECIN,O,False,,0
PSYBA,1,GDH,PEDOPSY  DR ANDRE-DENIS BASQUE,O,True,102.712760000,0
PSYBE,1,GDH,PSYCHIATRE BERNIER (I),O,False,,0
PSYBER,1,GDH,PSYCHIATRIE DR BENOIT BERGERON,O,True,102.712760000,0
PSYBO,1,GDH,PSY DRE. CATHERINE BOUCHER,O,True,102.712760000,0
PSYC,5,CRH,PSYCHIATRY,I,False,,1
PSYCA,1,GDH,PSYCHIATRE CALVY,O,False,,0
PSYCHIA,1,GDH,PSYCHIATRE JEAN-MARC CHIANETTA,O,True,102.712760000,0
PSYCHO,1,GDH,PSYCHOLOGIE,O,True,102.714750000,2
PSYCHOCT,1,GDH,PSYCHO CONT. TELEPHONIQUE,O,True,102.714750000,2
PSYCHOHS,1,GDH,PSYCHOLOGIE HORS SITE,O,True,102.714750000,2
PSYCHOVV,1,GDH,PSYCHOLOGIE VISITE VIRTUELLE,O,True,,2
PSYDA,1,GDH,PSYCHIATRE DRE B.DANDENAULT,O,False,,0
PSYFI,1,GDH,PSY DRE. CELINE FINN,O,False,,0
PSYGO,1,GDH,PSYCHIATRE DR GOURIOU,O,False,,0
PSYGOD,1,GDH,PSYCHIATRE DR.J-A GODBOUT,O,True,102.712760000,0
PSYINF,1,GDH,PSYCHIATRIE INFIRMIERE,O,True,102.712760000,0
PSYINFCM,1,GDH,PSY.INF. CLINIQUE METABOLIQUE,O,True,102.712760000,0
PSYINFCT,1,GDH,PSYCHIATRIE INF.CONTACT TELEPH,O,True,102.712760000,0
PSYINFE,1,GDH,PSYCHIATRIE INF EXTERIEUR,O,True,102.712760000,0
PSYLEBLMAR,1,GDH,PSYCHIATRE DRE MARISSA LEBLANC,O,True,102.712760000,0
PSYMA,1,GDH,PSYCHIATRE DR ALAIN MAURIN,O,False,,0
PSYMAR,1,GDH,PSYCHIATRE DR ETIENNE MARQUIS,O,True,102.712760000,0
PSYMARC,1,GDH,PSYCHIATRE DR PATRICK MARCOTTE,O,True,102.712760000,0
PSYMARTJOC,1,GDH,PSYCHIATRE DRE JOCELYNE MARTIN,O,True,102.712760000,0
PSYME,1,GDH,PSYCHIATRE MELUN,O,False,,0
PSYMO,1,GDH,"PSYCHIATE MOCANU,DANIELA",O,False,,0
PSYPO,1,GDH,PSYCIATRIE MYLENE POIRIER,O,True,102.712760000,0
PSYRI,1,GDH,PSYCHIATRIE MARGO RIOUX,O,True,102.712760000,0
PSYTH,1,GDH,PSYCHIATRE THERIAULT,O,True,102.712760000,0
PSYTHER,1,GDH,PSYCHIATRIE TELESANTE A L'URG,O,True,102.712760000,2
PSYTHERCT,1,GDH,CLIN. PSYCHOTHERAPIE CONT.TEL.,O,False,102.714750000,2
PSYTHERVV,1,GDH,CLIN. PSYCHOTHERAPIE VIS.VIRT.,O,True,102.714750000,2
PSYVA,1,GDH,PSYCHIATRE VAUTOUR,O,True,102.712760000,0
PSYWET,1,GDH,PSYCHIATRIE TESSA WILSON-EWING,O,True,102.712760000,0
PTH,1,PTH,PATHOLOGIE,D,True,,
PTRANS,1,GDH,PHLEBO CLIN. TRANSPLANTE,O,True,102.714102110,0
Q ADM,4,HSQ,ADMISSION/ADMISSION,D,False,,
Q AR,4,HSQ,ACCOUNT RECEIVABLE/COMPTABILIT,D,False,,
Q BLOOP CL,4,HSQ,BLOOD PRESSURE CLINIC/HTA,O,False,,
Q CHETHE,4,HSQ,CHEMO THERAPY/CHIMIO THERAPIE,O,False,,
Q CLEXTER,4,HSQ,CLINIQUE EXTERNE,O,False,,
Q CLPAPTES,4,HSQ,CLINIQUE PAP TEST,O,False,,
Q CLSEINS,4,HSQ,CLINIQUE SEINS,O,False,,
Q CLVACCIN,4,HSQ,CLINIQUE VACCIN,O,False,,
Q DADM,4,HSQ,ADMISSION,D,True,,
Q DARC,4,HSQ,ARCHIVES CLINIQUES/CLINICAL RE,D,True,,
Q DAUD,4,HSQ,AUDIOLOGIE/AUDIOLOGY,D,True,,
Q DAVC,4,HSQ,COORDONNATRICE STRATEGIE AVC,D,True,,
Q DBUA,4,HSQ,BUANDERIE/LAUNDRY,D,True,,
Q DCAR,4,HSQ,CARDIOLOGIE/CARDIOLOGY,D,True,,
Q DENM,4,HSQ,ENTRETIEN MENAGER/HOUSEKEEPING,D,True,,
Q DERG,4,HSQ,ERGOTHERAPIE/OCCUPATIONAL HEAL,D,True,,
Q DERM,4,HSQ,DERMATOLOGY/DERMATOLOGIE,O,False,,
Q DIAB CL,4,HSQ,DIABETIC CLINIC/CLIN DIABETE,O,False,,
Q DIET,4,HSQ,DIET/DIETETIQUE,O,False,,
Q DIMM,4,HSQ,IMAGERIE MEDICALE/MEDICAL IMAG,D,True,,
Q DINF,4,HSQ,INFORMATION,D,False,,
Q DINM,4,HSQ,INSTALLATION MATERIELLE/PLANT,D,True,,
Q DLAB,4,HSQ,LABORATOIRE/LABORATORY,D,True,,
Q DMAG,4,HSQ,MAGASIN/STORE,D,True,,
Q DNUT,4,HSQ,SERVICE DE NUTRITION CLINIQUE,D,True,,
Q DORT,4,HSQ,OTHOPHONIE,D,True,,
Q DPAS,4,HSQ,PASTORALE,D,True,,
Q DPEC,4,HSQ,PERCEPTION DES COMPTES/BAR,D,True,,
Q DPHA,4,HSQ,PHARMACIE/PHARMACY,D,True,,
Q DPHY,4,HSQ,PHYSIOTHERAPIE/PHYSIOTHERAPY,D,True,,
Q DREA,4,HSQ,READAPTATION CARDIAQUE,D,True,,
Q DRU,4,HSQ,DRUG DEPENDENCY/TOXICOMANIE,O,False,,
Q DSEA,4,HSQ,SERVICE ALIMENTAIRE/FOOD SERV,D,True,,
Q DSEC,4,HSQ,SERVICE CENTRAL/CENTRAL SERV,D,True,,
Q DSES,4,HSQ,SERVICE SOCIAL/SOCIAL SERVICE,D,True,,
Q DSOI,4,HSQ,SOINS INFIRMIERS,D,True,,
Q DSOP,4,HSQ,SALLE OPERATION/OPERATING ROOM,D,True,,
Q DTEL,4,HSQ,TELESANTE A L'URGENCE,D,True,,
Q DTHR,4,HSQ,THERAPIE RESPIRATOIRE/RESP TH,D,True,,
Q ECG,4,HSQ,ELECTROCARDIOLOGY/ECG,O,False,,
Q ENV,4,LAB,ENVIRONNEMENT,O,False,,
Q ER,4,HSQ,EMERGENCY/URGENCE,O,False,,
Q HK,4,HSQ,HOUSEKEEPING/ENT MENAGER,D,False,,
Q IMAT,4,HSQ,MATERNITE/MATERNITY,I,False,,5
Q IMED,4,HSQ,****NE PAS REACTIVER****,I,False,,1
Q IMUF,4,HSQ,UNITE MULTI FONCTIONNELLE,I,False,,1
Q INFO,4,HSQ,INFORMATION/INFORMATION,D,False,,
Q INT CLI,4,HSQ,INTERNE CLINIC/CLI INTERNE,O,False,,
Q IOBV,4,HSQ,OBSERVATION,I,False,,5
Q IPED,4,HSQ,PEDIATRIE/PEDIATRICS,I,False,,3
Q IPOP,4,HSQ,POUPONNIERE-PED/NURS-PED,I,False,,9
Q IPOU,4,HSQ,POUPONNIERE/NURSERY,I,True,,9
Q IUMF,4,HSQ,UNITE MULTIFONCTIONNELLE,I,True,,1
Q IURG,4,HSQ,URGENCE OBSERVE/IN,I,True,,6
Q IUSS,4,HSQ,UNITE SOINS SPECIAUX/SCU,I,False,,1
Q KIT,4,HSQ,KITCHEN/CUISINE,D,False,,
Q LAB,4,LAB,LABORATORY/LABORATOIRE,O,False,,
Q MAIN,4,HSQ,MAINTENANCE/MAINTENANCE,D,False,,
Q MED,4,HSQ,MEDICAL/MEDECINE,I,False,,1
Q MENTAL,4,HSQ,MENTAL CLINIC/HIGIENE MENTALE,O,False,,
Q MR,4,HSQ,MEDICAL RECORD/ARCHIVES,D,False,,
Q MSUR,4,HSQ,MINOR SURGERY/CHIRURGIE MINEUR,O,False,,
Q NURS,4,HSQ,NURSERY/POUPONNIERE,I,False,,9
Q NURSPED,4,HSQ,NEWBORN-PEDIATRIC/NN PEDIATRIE,I,False,,9
Q OANT,4,HSQ,ANTICOAGULANT/ANTICOAGULATION,O,True,0171.70.3500000,
Q OAUD,4,HSQ,AUDIOLOGIE/AUDIOLOGY,O,True,0171.10.4604000,
Q OBS,4,HSQ,OBSTETRIC/MATERNITE,I,False,,2
Q OBS CL,4,HSQ,OBSTETRICAL CLINIC/CLIN OBS,O,False,,
Q OBS GYN,4,HSQ,OBSGYN CLINIC/ CLIN OBSGYN,O,False,,
Q OBSE,4,HSQ,BUREAU SANTE EMPLOYE/EMPLOYEE,O,True,,
Q OBSER,4,HSQ,OBSERVATION/ **INACTIVE**,O,False,,
Q OBSERV,4,HSQ,OBSERVATION/ **INACTIVE**,I,False,,5
Q OBSERV I,4,HSQ,OBSERVATION IN/OBSERVATION INT,I,False,,5
Q OBSERV O,4,HSQ,OBSERVATION OUT/OBSERV EXTERNE,O,False,,
Q OCAR,4,HSQ,CARDIOLOGIE/CARDIOLOGY,O,True,0171.70.4150000,
Q OCCTH,4,HSQ,OCCUPATIONNAL THERAPY/ERGO,O,False,,
Q OCHI,4,HSQ,CHIMIOTHERAPIE/CHEMIETHERAPY,O,False,,
Q OCHM,4,HSQ,CHIRURGIES MINEURES/MINOR SURG,O,True,0171.70.3500000,
Q OCMR,4,HSQ,CUEILLETTE MALADIE RENALE,O,True,0171.70.3500000,
Q OCUS,4,HSQ,CUEILLETTE SPECIMEN COLLECTION,O,True,0171.70.4100000,
Q OCUSSRV,4,HSQ,CUEILLETTE SPECIMEN SANS RDV,O,True,0171.70.4100000,
Q ODCS,4,HSQ,CL DIPSTAGE CA SEIN/BREAST CA,O,False,,
Q ODER,4,HSQ,DERMATOLOGIE/DERMATOLOGY,O,True,0171.70.3500000,
Q ODIA,4,HSQ,CL DIABETE/DIABETIC CL,O,True,0171.70.3504020,
Q ODIACT,4,HSQ,CL DIABETIQUE CONT TELEPHONIQU,O,True,,
Q ODIANUT,4,HSQ,CL DIABETE/NUTRITION,O,True,,
Q ODIANUTT,4,HSQ,CL DIABETE/NUTRITION TELEPHONE,O,True,,
Q ODIANUTV,4,HSQ,CL DIABETE/NUTRITION VIRTUELLE,O,True,,
Q ODIAVV,4,HSQ,CL DIABETIQUE VISITE VIRTUELLE,O,True,,
Q ODIE,4,HSQ,CL DIETE/DIET CL,O,False,,
Q OERG,4,HSQ,ERGOTHERAPIE/OCCUPATIONAL TH,O,True,0171.70.4550000,
Q OERGVV,4,HSQ,ERGOTHERAPIE VISITE VIRTUELLE,O,True,,
Q OEXT,4,HSQ,CLINIQUE EXTERNE/OUTPATIENT CL,O,False,,
Q OGAS,4,HSQ,GASTROENTEROLOGIE,O,True,0171.70.3500000,
Q OGYO,4,HSQ,CL GYNECO-OBST/OBST-GYNECO CL,O,True,0171.70.3500000,
Q OHTA,4,HSQ,CL HYPERTENSION ARTERIELLE,O,True,0171.70.3500000,
Q OHTAVV,4,HSQ,CL. HTA VISITE VIRTUELLE,O,True,,
Q OIMM,4,HSQ,IMAGERIE MEDICALE/MEDICAL IMA,O,True,0171.70.4150000,
Q OINFAT,4,HSQ,CL INFECTIOLOGIE APPEL TEL,O,True,,
Q OINSCAR,4,HSQ,CL INSUFFISANCE CARDIAQUE,O,True,,
Q OINT,4,HSQ,CL INTERNE/INTERNAL CL,O,False,,
Q OLAB,4,HSQ,LABORATOIRE/LABORATORY,O,False,,
Q OLIP,4,HSQ,CL. LIPIDES,O,False,,
Q OMAR,4,HSQ,MALADIES RENALES/RENAL DISEASE,O,False,,
Q OMEE,4,HSQ,CL MERE-ENFANT/MOM-BABY CL,O,True,,
Q OMEI,4,HSQ,CL MEDECINE INTERNE,O,True,0171.70.4150000,
Q ONOU,4,HSQ,CLINIQUE NOURRISSON,O,True,0171.70.3500000,
Q ONUT,4,HSQ,CL NUTRITION/NUTRITION CL,O,True,0171.70.4450000,
Q ONUTCT,4,HSQ,CL NUTRITION CONT.TELEPHONIQUE,O,True,,
Q ONUTVV,4,HSQ,CL NUTRITION VISITE VIRTUELLE,O,True,,
Q OOBS,4,HSQ,CL OBSTETRIQUE/OBSTETRIC CL,O,True,0171.70.3500000,
Q OOBV,4,HSQ,OBSERVATION,O,False,,
Q OONC,4,HSQ,ONCOLOGIE/ONCOLOGY,O,True,0171.70.3500000,
Q OOPH,4,HSQ,OPHTALMOLOGIE/OPHTHALMOLOGY,O,True,0171.70.3500000,
Q OORL,4,HSQ,OTORHINOLARYNGOLOGIE/ORL,O,True,0171.70.3500000,
Q OORT,4,HSQ,CL ORTHOPHONIE,O,True,,
Q OORTHO,4,HSQ,ORTHOPEDIE/ORTHOPEDICS,O,True,0171.70.3500000,
Q OORTVV,4,HSQ,ORTHOPHONIE VISITE VIRTUELLE,O,True,,
Q OPAT,4,HSQ,CL PAP TEST,O,False,,
Q OPCS,4,HSQ,PROGRAMME CARDIO SANTE,O,False,,
Q OPD,4,HSQ,OUT PATIENT DEPT/SERV EXTERNE,O,False,,
Q OPD DIA,4,HSQ,OUTPATIENT DEPT. DIABETE,O,False,,
Q OPD_DIA,4,HSQ,OUTPATIENT DEPT DIABETE,O,False,,
Q OPD_HTA,4,HSQ,OUTPATIENT DEPT. HTA,O,False,,
Q OPD_OBS,4,HSQ,OUTPATIENT OBSTETRICS,O,False,,
Q OPED,4,HSQ,CL PEDIATRIQUE/PEDIATRIC CL,O,True,0171.70.3500000,
Q OPEM,4,HSQ,ENREG RCR PEM - PTCT,O,True,,
Q OPH CL,4,HSQ,OPHTALMOLOGY/OPHTALMOLOGIE,O,False,,
Q OPHY,4,HSQ,PHYSIOTHERAPIE/PHYSIOTHERAPY,O,True,0171.70.4500000,
Q OPHYCT,4,HSQ,PHYSIO CONTACTE TELEPHONIQUE,O,True,,
Q OPHYPEDC,4,HSQ,PHYSIO PEDIATRIE COMMUNAUTAIRE,O,True,0171.70.4500000,
Q OPHYVV,4,HSQ,PHYSIOTHERAPIE VISIT VIRTUELLE,O,True,,
Q OPMDCOM,4,HSQ,PROG MAINT DOMICILE COMMUNAUTA,O,True,0171.10.1109000,
Q OPR,4,HSQ,OPERATING ROOM/SALLE OPERATION,D,False,,
Q OPRA,4,HSQ,PRE ADMISSION,O,True,0171.70.3500000,
Q OPRE,4,HSQ,CL PREANESTHESIE/PREANESTH CL,O,True,0171.70.3500000,
Q OPREDIA,4,HSQ,CL PRE-DIABETE/PRE-DIABETIC CL,O,True,0171.70.3504020,
Q OPSYTEL,4,HSQ,TELE SANTE PSYCHIATRIQUE/PSYCH,O,True,0171.37.3507610,
Q OPUL,4,HSQ,CL PULMONAIRE/PULMONARY CL,O,True,0171.70.4350000,
Q OPULCT,4,HSQ,CL PULMONAIRE CONT. TELEPHONE,O,True,,
Q OPULREAD,4,HSQ,CL READAPTATION PULMONAIRE,O,True,,
Q OPULVV,4,HSQ,CL PULMONAIRE VISITE VIRTUELLE,O,True,,
Q OR,4,HSQ,OPERATING ROOM/SALLE OPERATION,D,False,,
Q OREATEL,4,HSQ,TELESANTE READAPTATION,O,True,0171.70.3508500,
Q OREC,4,HSQ,READAPTATION CARDIAQUE,O,True,0171.70.3508500,
Q ORECCT,4,HSQ,READAPTATION CAR. CONTACT TEL.,O,True,,
Q ORL,4,HSQ,OTORHINOLARYNGY/ORL,O,False,,
Q OSDI,4,HSQ,SERVICE EXTERNE DIABETE,O,False,,
Q OSEE,4,HSQ,SERVICE EXTERNE/OPD,O,False,,
Q OSEI,4,HSQ,CL DU SEIN/BREAST CL,O,False,,
Q OSHT,4,HSQ,SERVICE EXTERNE HTA,O,False,,
Q OSICERCT,4,HSQ,SERV.INTERV.CRISE URG C.TEL,O,True,0171.70.3100000,
Q OTELGEN,4,HSQ,TELESANTE GENERAL,O,True,0171.70.3500000,
Q OTFP,4,HSQ,TEST FONCTION PULMONAIRE,O,True,,
Q OTHR,4,HSQ,THERAPIE RESPIRATOIRE/RESP TH,O,True,0171.70.4350000,
Q OTRM,4,HSQ,TRAITEMENT MINEUR,O,True,0171.70.3500000,
Q OURG,4,HSQ,URGENCE/EMERGENCY,O,True,0171.70.3100000,
Q OURO,4,HSQ,CL UROLOGIE/UROLOGY CL,O,True,,
Q OVAC,4,HSQ,CL VACCIN/VACCIN CL,O,False,,
Q PANDDOM,4,HSQ,PANDEMIE A DOMICILE,O,True,0171.70.3500000,
Q PANDEMIE,4,HSQ,CLINIQUE PANDEMIE,O,True,0171.70.3500000,
Q PAST,4,HSQ,PASTORAL/PASTORAL,D,False,,
Q PCS,4,HSQ,PROGRAMME CARDIO SANTE,O,False,,
Q PED,4,HSQ,PEDIATRICS/PEDIATRIC,I,False,,3
Q PED CL,4,HSQ,PEDIATRIC CLINIC/CLIN PED,O,False,,
Q PEDNURS,4,HSQ,PEDIATRIC-NEWBORN/PED-NN,I,False,,0
Q PHAR,4,HSQ,PHARMACY/PHARMACIE,D,False,,
Q PHYSIO,4,HSQ,PHYSIOTHERAPY/PHYSIO,O,False,,
Q PSYCHO,4,HSQ,PSYCHOLOGY/PSYCHOLOGIE,O,False,,
Q REC,4,LAB,RECHERCHE,O,False,,
Q RESP,4,HSQ,RESPIRATORY/INHALO,O,False,,
Q SC,4,HSQ,SPECIAL CARE/SOINS SPECIAUX,I,False,,1
Q SCH,4,HSQ,*******NE PAS UTILISER********,O,True,,
Q SS,4,HSQ,SOCIAL SERVICE/SERVICE SOCIAL,O,False,,
Q STERIL,4,HSQ,STERILISATION/STERILISATION,D,False,,
Q TRANS,4,HSQ,TRANSFERTS PATIENTS ADMISSION,I,False,,9
Q VET,4,LAB,VETERINAIRES,O,False,,
Q XBUM,4,HSQ,BUREAU DE MEDECIN,O,True,,
Q XCMK,4,HSQ,CLINIQUE MEDICALE KEDGWICK,O,True,,
Q XCMQ,4,HSQ,CLINIQUE MEDICALE ST-QUENTIN,O,True,,
Q XENV,4,LAB,ENVIRONNEMENT ST QUENTIN,O,True,,
Q XEXM,4,HSQ,EXTRA-MURAL,O,False,,
Q XHEM,4,HSQ,HOPITAL EXTRA MURAL,O,True,,
Q XLAB,4,LAB,LABORATOIRE ST QUENTIN,O,True,,
Q XMAN,4,HSQ,MANOIR,O,False,,
Q XMSQ,4,HSQ,MANOIR DE ST QUENTIN,O,True,,
Q XPRI,4,LAB,TEST PRIVE/PRIVATE TEST,O,True,,
Q XPROF,4,LAB,LAB PROFICIENCY TESTING ONLY,D,True,,
Q XRAY,4,HSQ,RADIOLOGY/RADIOLOGIE,O,False,,
Q XREC,4,LAB,RECHERCHE ST QUENTIN,O,True,,
Q XSPK,4,HSQ,SANTE PUBLIQUE DE KEDGWICK,O,True,,
Q XVET,4,LAB,VETERINARIES ST QUENTIN,O,True,,
Q ZMIS,4,HSQ,****NE PAS UTILISER****,O,True,,
Q ZMOR,4,HSQ,MORGUE SINISTRE,O,True,,
Q ZZZ,4,HSQ,CONVERSION BAR,O,False,,
Q ZZZZ,4,HSQ,CONVERSION BAR,O,False,,
RA1,5,RHC,RESTIGOUCHE - ACUTE CARE UNIT,I,False,,1
RAD,1,GDH,RADIOLOGIE,O,True,102.714151800,3
RADANG,1,GDH,RADIO-ANGIOGRAPHIE,O,True,102.714152300,3
RADANGCT,1,GDH,RAD. ANGIOGRAPHIE CONSEL TEL,O,True,102.714152300,3
RADFLU,1,GDH,RADIOLOGIE FLUROSCOPIE,O,True,102.714151810,3
RADIO,1,GDH,RADIO-ONCOLOGIE (I),O,False,,5
RB1,5,RHC,RESTIGOUCHE - WARD B1,I,False,,1
RB2,5,RHC,RESTIGOUCHE - WARD B2N,I,False,,1
RB3,5,RHC,RESTIGOUCHE - WARD B3,I,False,,1
RB4,5,RHC,RESTIGOUCHE - WARD B4,I,False,,1
RC1,5,RHC,RESTIGOUCHE - WARD C1,I,False,,1
RC2,5,RHC,RESTIGOUCHE - WARD C2,I,False,,1
RC4,5,RHC,RESTIGOUCHE - WARD C4,I,False,,1
RD1,5,RHC,RESTIGOUCHE - WARD D1,I,False,,1
RD2,5,RHC,RESTIGOUCHE - WARD D2,I,False,,2
RD5,5,RHC,RESTIGOUCHE - WARD D5,I,False,,1
REC,1,GDH,RECREOLOGUE,O,True,102.714850000,2
RECAC,1,GDH,RECREOLOGUE AC,D,True,,
RESTEMP,5,EMP,RESTIGOUCHE EXTRA-MURAL PGM,O,True,1271.3600500,
REX,1,GDH,REXTON HEALTH CENTRE,O,False,,9
RH,1,GDH,RESSOURCES HUMAINES/PAIE,D,True,,
RM,1,GDH,RESONANCE MAGNETIQUE (I),O,False,,3
ROG,1,GDH,CENTRE ROGERSVILLE,O,False,,9
SA,1,GDH,CENTRE ST-ANTOINE,O,False,,9
SACK,1,GDH,HOP. SACKVILLE,O,False,,9
SCHIR,1,GDH,SOINS INT MED CHIRURGICAUX,I,True,,5
SCHIRIV,1,GDH,S CHIRURGICAUX PREP-IV   (PHA),O,True,,6
SCHIRM,1,GDH,S CHIRURGICAUX MEDI-PREP (PHA),O,True,,6
SCHIRR,1,GDH,S CHIRURGICAUX REFRIGERA (PHA),O,True,,6
SCOR,1,GDH,SOINS CORONARIENS,I,True,,5
SCORIV,1,GDH,S CORONAIRES I.V.        (PHA),O,True,,6
SCORM,1,GDH,S CORONAIRES MEDI-PREP   (PHA),O,True,,6
SCORPO,1,GDH,S CORONAIRES PER-OS      (PHA),O,True,,6
SCORR,1,GDH,S CORONAIRES REFRIGERATE (PHA),O,True,,6
SCORSC,1,GDH,S CORONAIRES SOUS-CLE    (PHA),O,True,,6
SERC,1,GDH,SERVICE CENTRAL,D,True,,
SERS,1,GDH,SERVICE SANTE,O,True,102.711206000,0
SF,1,GDH,SOMMET FRANCOPHONIE (I),O,False,,0
SH,1,GDH,CENTRE SHEDIAC,O,True,160.715101500,9
SI,1,GDH,SOINS INFIRMIERS,D,True,,
SICERCT,1,GDH,SERV.INTERV.DE CRISE URG C.TEL,O,True,102.713100000,0
SICLIN,1,GDH,SOINS INF PEDOPSY(documentatio,D,True,,
SICU,6,BA,***SICU - BATHURST,I,False,,1
SINT,1,GDH,SOINS INTERMEDIARE (I),I,False,,1
SINTER,1,GDH,SOINS INTERMEDIAIRES,I,True,102.712403020,5
SIPLAN,1,GDH,SOINS INF. PLANIFICATION CONGE,D,True,,
SIPMA,1,GDH,SOINS INF PRG MAINTIEN AUTONOM,D,True,,
SMK,1,SMK,STELLA-MARIE DE KENT,O,True,103.714400500,9
SO,1,GDH,SALLE D'OPERATION,O,True,102.712600000,8
SOC,1,GDH,SOCIOLOGIE (I),O,False,,2
SOOPH,1,GDH,SALLE D'OP OPHTALMOLOGIE (PHA),O,True,,6
SOP,1,GDH,SALLE D'OP CHARIOT       (PHA),D,True,,
SOP,6,TR,***SOP - TRACADIE,I,False,,1
SPA,1,GDH,SAL.POST-ANESTHESIE,O,True,102.712650000,8
SPANDEMIE,1,CMS,CMS PANDEMIE,O,False,,0
SPHAPERIM,1,SMK,PHARMACIE SMK PERIMES,O,True,,6
SPM,1,GDH,SANTE PUBLIQUE ET MENTALE,D,True,,
SPMCSS,1,GDH,SMP CENTRE SANTE SEXUELLE,D,True,,
SS,1,GDH,SERVICE SOCIAL,O,True,102.714700000,2
SS1,1,GDH,SERVICE SOCIAL 1 (MICHEL),O,False,,2
SS2,1,GDH,SERVICE SOCIAL 2 (LISETTE),O,False,,2
SS3,1,GDH,SERVICE SOCIAL 3 (LOUISETTE),O,False,,2
SS4,1,GDH,SERVICE SOCIAL 4 (JEANNINE),O,False,,2
SS5,1,GDH,SERVICE SOCIAL 5 (ANNETTE),O,False,,2
SS6,1,GDH,SERVICE SOCIAL 6 (SUZANNE),O,False,,2
SS7,1,GDH,INACTIF SERVICE S 7(SYLVIE)(I),O,False,,2
SS8,1,GDH,SERVICE SOCIAL FRANCINE F.,O,False,,2
SS9,1,GDH,SERVICE SOCIAL (ANNETTE),O,False,,8
SSAT,1,GDH,SERVICE SOCIAL APPEL TELEPHO.,O,True,102.714700000,2
SSHOP1,1,GDH,SERVICE SOCIAL 1 IN-PT MICHEL,O,False,,2
SSHOP2,1,GDH,SERVICE SOCIAL 2 IN-PT LISETTE,O,False,,2
SSHOP3,1,GDH,SERVICE SOCIAL 3 IN-PT LOUISET,O,False,,2
SSHOP4,1,GDH,SERVICE SOCIAL 4 IN-PT JEANNIN,O,False,,2
SSHOP5,1,GDH,SERVICE SOCIAL 5 IN-PT ANNETTE,O,False,,2
SSHOP6,1,GDH,SERVICE SOCIAL 6 IN-PT SUZANNE,O,False,,2
SSHOP7,1,GDH,INACTIF S S 7 IN-PT SYLVIE (I),O,False,,2
SSHOP8,1,GDH,SERVICE SOCIAL 8 IN-PT FRANCIN,O,False,,2
SSHOP9,1,GDH,SERVICE SOCIAL IN-PT (ANNETTE),O,False,,8
SSOC,1,GDH,SERVICE SOCIAL,O,False,,5
SSVV,1,GDH,SERV. SOCIAL VISITE VIRTUELLE,O,True,,2
ST,1,GDH,SALLE DE TRAVAIL (I),I,False,,9
ST-Q,1,GDH,HOP. ST-QUENTIN,O,False,,9
STE-A,1,GDH,HOP. STE-ANNE (I),O,False,,9
STEA,1,GDH,HOP. STE-ANNE (I),O,False,,
STJ,1,GDH,HOP. REG. SAINT JOHN,O,False,,9
STQ,1,GDH,HOP ST-QUENTIN (I),O,False,,
SURG,5,CRH,SURGICAL,I,False,,1
SYSR,1,GDH,SYS.RESPIRATOIRE,O,False,,2
TELHAVC,1,GDH,TELESANTE AVC,O,True,,0
TEST,6,BA,***TEST LOCATION,D,False,,
TEST DPT,6,BA,***TEST DEPARTMENT,I,False,,0
TI,1,GDH,THER.INTRAVEINEUSE,D,True,,
TN,1,GDH,TELEMEDECINE NEPHROLOGIE,D,True,,
TNEURO,1,GDH,TELEMEDECINE NEUROLOGIE,O,True,102.713501700,7
TNMCNEP,1,GDH,CLINIQUE NEPHRO MIRAMICHI,O,True,102.715208600,7
TNMCTA,1,GDH,CLINIQUE TA MIRAMICHI,O,True,102.715208600,7
TNMHDIAL,1,GDH,TELENEPHRO MIRAMICHI HEMODIAL,O,True,102.715208600,7
TNMHDIALCT,1,GDH,TNEP MIRAMICHI HDIAL CONS.TELE,O,True,102.715208600,7
TNMHDIALE,1,GDH,TELE MIRAMICHI HDIAL EVAL,O,True,102.715208600,7
TNMHDIALV,1,GDH,TELENEPHRO MIRAMICHI VACANCE,O,True,102.715208600,7
TNMTRANS,1,GDH,CLINIQUE TRANSPLANTE MIRAMICHI,O,True,102.715208600,7
TOMO,1,GDH,TOMODENSITOMETRIE,O,True,102.714152500,3
TRA,1,GDH,HOP. TRACADIE,O,False,,9
TRAD-ECHO,1,GDH,TRADUCTION-ECHO RAPPORT,D,True,,
TRAD-LAB,1,GDH,TRADUCTION-LABORATOIRE RAPPORT,D,True,,
TRAD-RAD,1,GDH,TRADUCTION-RADIOLOGIE RAPPORTS,D,True,,
TRAD-SPROF,1,GDH,TRADUCTION-SERVICE PROF.RPT,D,True,,
TRANS,1,GDH,CLINIQUE TRANSPLANTE,O,True,102.713501500,7
TRANSC,1,GDH,TRANSCRIPTION,D,True,,
TRANSCT,1,GDH,CLIN. TRANSPLANTE CONT.TEL.,O,True,102.713501500,7
TRANSHOP,1,GDH,INACTIF TRANS HOSP. (CONSULT),O,False,,7
TRANSVAC,1,GDH,INFACTIF TRANS PT VACANCE,O,False,,7
TRCHI,6,TR,***TRACADIE - CHIRURGIE,I,False,,1
TRDADMTR,6,TR,DEPT. OF ADMINISTRATION (TR),D,True,,
TRDAMB,6,TR,DEPT. OF AMBULATORY,D,True,,
TRDAR,6,TR,DEPT. OF ACCOUNT RECEIVABLE,D,True,,
TRDBIOMED,6,TR,DEPT. OF BIOMEDICAL,D,True,,
TRDCSR,6,TR,DEPT. OF CENTRAL SERVICE,D,True,,
TRDDETOX,6,TR,DEPT. OF TOXICOMANIE,D,True,,
TRDDIAL,6,TR,DEPT. OF DIALYSIS,D,True,,
TRDDIET,6,TR,DEPT. OF DIETARY,D,True,,
TRDELEC,6,TR,DEPT. OF ELECTROCARDIOLOGY,D,True,,
TRDEMG,6,TR,DEPT. OF EMERGENCY,D,True,,
TRDEMP,6,TR,DEPT. OF EXTRA MURAL,D,True,,
TRDERGO,6,TR,DEPT. OF ERGOTHERAPY,D,True,,
TRDFOUND,6,TR,DEPT. OF FOUNDATION,D,True,,
TRDHEALTH,6,TR,DEPT. OF HEALTH FOR STAFF,D,True,,
TRDHR,6,TR,DEPT. OF HUMAN RESOURCES,D,True,,
TRDHSK,6,TR,DEPT. OF HOUSEKEEPING,D,True,,
TRDIC,6,TR,DEPT. OF INFECTION CONTROL,D,True,,
TRDIMG,6,TR,DEPT. OF MEDICAL IMAGING,D,True,,
TRDLAB,6,TR,DEPT. OF LABORATORY,D,True,,
TRDLAUNDRY,6,TR,DEPT. OF LAUNDRY,D,True,,
TRDMAINT,6,TR,DEPT. OF MAINTENANCE,D,True,,
TRDMISC,6,TR,DEPT. OF MISCELLANEOUS,D,True,,
TRDMR,6,TR,DEPT. OF MEDICAL RECORDS,D,True,,
TRDOR,6,TR,DEPT. OF OPERATING ROOM,D,True,,
TRDOT,6,TR,DEPT. OF OCCUPATIONAL THERAPY,D,True,,
TRDPHARM,6,TR,DEPT. OF PHARMACY,D,True,,
TRDPHYSIO,6,TR,DEPT. OF PHYSIOTHERAPY,D,True,,
TRDPREOP,6,TR,DEPT. OF PRE OP,D,True,,
TRDPSYCHO,6,TR,DEPT. OF PSYCHOLOGY,D,True,,
TRDPTRE,6,TR,DEPT. OF PATIENT RECEPTION,D,True,,
TRDPURCH,6,TR,DEPT. OF PURCHASING,D,True,,
TRDQA,6,TR,DEPT. OF QUALITY ASSURANCE,D,True,,
TRDRESP,6,TR,DEPT. OF RESPIRATORY,D,True,,
TRDSECUR,6,TR,DEPT. OF SECURITY,D,True,,
TRDSPLP,6,TR,DEPT. OF SPEECH LANG.PATHOLOGY,D,True,,
TRDSTAFFED,6,TR,DEPT. OF STAFF EDUCATION,D,True,,
TRDSTORE,6,TR,DEPT. OF STORE,D,True,,
TRDSW,6,TR,DEPT. OF SOCIAL WORK,D,True,,
TRER,6,TR,***EMERGENCY,O,False,,
TRFAX,6,TR,***FAX,O,False,,
TRI2N,6,TR,TR. MEDICAL 2 NORTH,I,True,,1
TRIAMBOBS,6,TR,TR.AMBULATORY CARE OBSERVATION,I,False,,9
TRIDET,6,TR,TR. DETOX (IN PATIENT),I,True,,1
TRIMED,6,TR,TR. MEDECINE,I,True,,1
TRISC,6,TR,TR. SOINS CONCENTRE,I,False,,2
TRISOP,6,TR,***TR. SOINS PROLONGES,I,False,,2
TRIURG,6,TR,TR. URGENCE (INPATIENTS),I,True,,1
TRIURGOBS,6,TR,TR. URGENCE OBSERVATION,I,True,,9
TRLAB,6,TR,***LABORATORY,O,False,,
TRMED,6,TR,***TRACADIE - MEDECINE,I,False,,1
TRMEDI,6,TR,***MEDICINE-RM:2401-2440,O,False,,
TRMSP,6,TR,***TRACADIE - SOINS PROLONGER,I,False,,1
TRNSY,6,TR,***TRACADIE - NSY (POUPONNIERE,I,False,,1
TROBS,6,TR,TR. BREAST SCREENING,O,True,03.714152030,
TROCCPD,6,TR,TR. CLI.COLONO. PROG.DEPISTAGE,O,True,03.713500000,
TROCLCARCT,6,TR,TR.CLI.CARDIAC REHAB CONT.TEL,O,True,03.713500000,
TROCLCAREB,6,TR,TR.CLINIC CARDIAC REHAB,O,True,03.713500000,
TROCLCARP,6,TR,TR. CLINIC CARDIAC REHAB-PULMO,O,True,03.713500000,
TROCLDIAB,6,TR,TR. CLINIC DIABETIC,O,True,03.713504020,
TROCLDIAVV,6,TR,TR. CLINIC DIABETIC VIS.VIRT.,O,True,03.713504020,
TROCLDIET,6,TR,TR. CLINIC DIETARY,O,True,03.714450000,
TROCLENDO,6,TR,TR. CLINIC ENDOSCOPY,O,True,03.713500000,
TROCLGENP,6,TR,TR. CLINIC GENERAL PROCEDURE,O,True,03.713500000,
TROCLGENS,6,TR,TR. CLINIC GENERAL SURGERY,O,True,03.713500000,
TROCLGER,6,TR,TR. CLINIC GERIATRICS,O,True,03.713500000,
TROCLGYN,6,TR,TR. CLINIC GYNECOLOGY,O,True,03.713500000,
TROCLIN,6,TR,TR. CLINIC OUTPATIENTS,O,True,03.713500000,
TROCLINR,6,TR,TR. CLINIC INR,O,True,03.713500000,
TROCLINTM,6,TR,TR. CLINIC INTERNAL MEDICINE,O,True,03.713500000,
TROCLKINCT,6,TR,TR.CLIN.KINESIOLOGIE CONT.TEL,O,True,03.712051035,
TROCLKINE,6,TR,TR.CLIN.KINESIOLOGIE,O,True,03.712051035,
TROCLNEPH,6,TR,TR. CLINIC NEPHROLOGY,O,True,03.713408500,
TROCLOPH,6,TR,TR. CLINIC OPHTHALMOLOGY,O,True,03.713506000,
TROCLORTHO,6,TR,TR. CLINIC ORTHOPEDIC,O,True,03.713500000,
TROCLPAP,6,TR,TR. CLINIC PAP TELE-ONCOLOGY,O,True,03.713500000,
TROCLPED,6,TR,TR. CLINIC PEDIATRICS,O,True,03.713500000,
TROCLPHREB,6,TR,TR. CLINIC PHYSICAL REHAB,O,True,03.713500000,
TROCLPLAS,6,TR,TR. CLINIC PLASTIC,O,True,03.713500000,
TROCLPREOP,6,TR,TR. CLINIC PRE OP,O,True,03.713500000,
TROCLRHE,6,TR,TR. CLINIC RHEUMATOLOGY,O,True,03.713500000,
TROCLURO,6,TR,TR. CLINIC UROLOGY,O,True,03.713500000,
TROCLWOUND,6,TR,TR. CLINIC WOUND CARE,O,True,03.713501035,
TROCODIACT,6,TR,TR. COMMUNITY DIABETIC CON.TEL,O,True,00.715092000,
TROCODIAVV,6,TR,TR. COMMUNITY DIABETIC VIS.VIR,O,True,00.715092000,
TROCOMDIAB,6,TR,TR. COMMUNITY DIABETIC,O,True,00.715092000,
TROCT,6,TR,TR. CT SCAN,O,True,03.714152500,
TRODETOX,6,TR,TR. DETOX,O,True,03.712754030,
TRODIA,6,TR,TR. DIALYSIS,O,True,03.713408500,
TRODIETCT,6,TR,TR. CL.DIETARY CONT. TEL.,O,True,03.714450000,
TRODIETVV,6,TR,TR. CL.DIETARY VISITE VIRT.,O,True,03.714450000,
TRODS,6,TR,TR. DAY SURGERY,O,True,03.713500000,
TROECG,6,TR,TR. ELECTROCARDIOGRAM,O,True,03.714302090,
TROER,6,TR,TR. EMERGENCY,O,True,03.713102000,
TROERGO,6,TR,TR. ERGOTHERAPY,O,True,03.714552000,
TROERGOCT,6,TR,TR. ERGOTHERAPIE CONT. TEL.,O,True,03.714552000,
TROERGOVV,6,TR,TR. ERGOTHERAPIE VIS. VIRTUELL,O,True,03.714552000,
TROLOA,6,TR,TR. TEMPORARY LOCATED HOME,O,True,,
TROOR,6,TR,TR. OR SUITE & RECOVERY ROOM,O,True,,
TROORLOCAL,6,TR,TR. OR LOCAL,O,True,,
TROP,6,TR,***OUTPATIENT,O,False,,
TROPAN,6,TR,TR. PANDEMIC,O,True,03.713500000,
TROPDIABCT,6,TR,TR. CLIN. DIABETES CONT.TEL,O,True,03.713504020,
TROPDIETCT,6,TR,TR. CL DIET DIAB CONT.TELEPH.,O,True,03.714450000,
TROPDIETVV,6,TR,TR. CL DIET DIAB. VISITE VIRT.,O,True,03.714450000,
TROPGPSTS,6,TR,TR. PGR. GEST. PERS. TRAV. SOC,O,False,,
TROPHLE,6,TR,TR. PHLEBOTOMY,O,True,03.714101000,
TROPHONI,6,TR,TR. ORTHOPHONIE,O,True,03.714602000,
TROPHONICT,6,TR,TR. ORTHOPHONIE  TEL. CONT.,O,True,03.714602000,
TROPHONIVV,6,TR,TR. ORTHOPHONIE VIRTUAL VISIT,O,True,03.714602000,
TROPHYSICT,6,TR,TR. PHYSIOTHERAPIE CONT.TEL.,O,True,03.714500000,
TROPHYSIO,6,TR,TR. PHYSIOTHERAPY,O,True,03.714500000,
TROPHYSIVV,6,TR,TR. PHYSIOTHERAPIE VIS.VIRT.,O,True,03.714500000,
TROPREAD,6,TR,TR. PRE ADMISSION,O,True,02.713502010,
TROPRGPS,6,TR,TR.PROG GESTION PERS.SVC,O,True,01.715800015,
TROPRGPSAD,6,TR,TR.PROG GESTION PERS.ADM,O,True,01.715800015,
TROPRGPSCT,6,TR,TR.PROG.GEST.PERS.SVC CONT.TEL,O,True,,
TROPRGPTSA,6,TR,TR. PRG. GEST.PERS TS ADMISSIO,O,False,,
TROPRGPTST,6,TR,TR. PRG. GEST. PERS. TS CONT.,O,False,,
TROPSYCHCT,6,TR,TR. PSYCHOLOGY TEL.CONT.,O,True,03.714752000,
TROPSYCHO,6,TR,TR. PSYCHOLOGY,O,True,03.714752000,
TROPSYCHVV,6,TR,TR. PSYCHOLOGY VIRTUAL VISIT,O,True,03.714752000,
TRORAD,6,TR,TR. RADIOLOGY,O,True,03.714151000,
TRORESP,6,TR,TR. RESPIRATORY,O,True,03.714350000,
TRORESPCT,6,TR,TR. RESPITORY CONS.TELEP.,O,True,03.714350000,
TRORESPVV,6,TR,TR. RESPITORY VISITE VIRT.,O,True,03.714350000,
TROSICERCT,6,TR,TR ER INTEG CRISIS CARE,O,True,03.713102000,
TROSSPIR,6,TR,TR. SOINS SPIRITUELS,O,True,03.714800000,
TROSSPIRCT,6,TR,TR. SOINS SPIRITUELS CONT.TEL.,O,True,03.714800000,
TROSSPIRVV,6,TR,TR. SOINS SPIRITUELS VIS.VIRT.,O,True,03.714800000,
TROSW,6,TR,TR. TRAVAIL SOCIAL,O,True,03.714701000,
TROSWCT,6,TR,TR. TRAVAIL SOCIAL CONT. TEL.,O,True,03.714701000,
TROSWVV,6,TR,TR. TRAVAIL SOCIAL VIRT. VISIT,O,True,03.714701000,
TROTELEH,6,TR,TR. TELEHEALTH,O,True,03.713500000,
TROTELHAVC,6,TR,TR. TELEHEALTH AVC,O,True,03.713102000,
TROTELHPSY,6,TR,TR. PSYCHIATRIC TELEHEALTH,O,True,03.713500000,
TROUS,6,TR,TR. ULTRASOUND,O,True,03.714153000,
TRPED,6,TR,***TRACADIE - PEDIATRIE,I,False,,1
TRPEM,6,TR,***PEM,O,False,,
TRPREAD,6,TR,***PRE-ADMISSION,O,False,,
TRRESPPUTH,6,TR,TR.RESPIRATORY PULMONARY TELEH,O,True,,
TRSC,6,TR,***TRACADIE - SOINS CONCENTRES,I,False,,1
TRSOP,6,TR,***TRACADIE - SOINS PROLONGE,I,False,,1
TRSP,6,TR,***SOINS PROLONGER-RM:2213-224,O,False,,
TRTINCO,6,TR,TR PATIENT TO HOSP WITHIN CORP,O,True,,
TRTOTCO,6,TR,TR PATIENT TO HOSP OUTSIDE COR,O,True,,
TRURG,6,TR,***TRACADIE - URGENCE,I,False,,1
TRURGIP,6,TR,***URGENCE IP-RM:99URG,O,False,,
TRVILLA,6,TR,***VILLA,O,False,,
TRVON,6,TR,***VON,O,False,,
TRXCAPEM,6,TR,***PEM DE CARAQUET,O,False,,
TRXDO,6,TR,TR. DOCTOR'S OFFICE,O,True,,
TRXENV,6,LAB,LAB. ENVIRONMENT FOR TR,O,True,,
TRXINJ,6,TR,TR.INJ/INFUSION INNOMAR CLINIC,O,True,,
TRXLAPEM,6,TR,***PEM DE LAMEQUE,O,False,,
TRXODT,6,TR,TR.OPIOID DEPENDENCE TREATMENT,O,True,,
TRXPEM,6,TR,TR. PEM (TRACADIE'S PATIENTS),O,True,,
TRXPEMCA,6,TR,TR. PEM (CARAQUET'S PATIENTS),O,True,,
TRXPEMLA,6,TR,TR. PEM (LAMEQUE'S PATIENTS),O,True,,
TRXSP,6,TR,TR. SANTE PUBLIQUE,O,True,,
TRXSTAFF,6,TR,TR. STAFF HEALTH OFFICE,O,True,,
TRXVILLA,6,TR,TR. VILLA,O,True,,
TRXVON,6,TR,TR. VICTORIA ORDER OF NURSES,O,True,,
TXEMP,6,TX,TR.EXTRA MURALE INTERFACE (TX),O,True,,
U,1,GDH,UNKNOWN,O,True,,9
U,4,HRE,UNKNOWN,O,False,,
U,5,CRH,UNKNOWN,,True,,
U,6,CA,***UNKNOWN,O,False,,
UCT,6,BA,UNIVERSAL CANNED TEXT,D,True,,
UM,1,GDH,UNIVERSITE MONCTON,O,True,102.714400500,9
UMF,1,GDH,UNITE MED. FAMILIALE,O,True,102.718800000,9
UMFD,1,UMF,UMF (I),D,False,,
UR,1,GDH,URGENCE (I),O,False,,
URE,1,GDH,URGENCE EXAMEN,O,False,,4
URG,1,GDH,URGENCE,O,True,102.713100000,4
URG,6,TR,***URGENCE - TRACADIE,I,False,,1
URG CDJ,1,GDH,URGENCE CHIRURGIE DE JOUR (I),O,False,,4
URGA,1,GDH,URG. SALLE A (I),O,False,,
URGB,1,GDH,URG. SALLE B (I),O,False,,
URGC,1,GDH,URG.CHARIOT (I),O,False,,
URGCO,1,GDH,URG CHARIOT ORL          (PHA),O,True,,6
URGCP,1,GDH,URG CHARIOT PEDIATRIE    (PHA),O,True,,6
URGGREF2,1,GDH,URGENCE REFRIG. TRAUMA   (PHA),O,True,,6
URGM,1,GDH,URG. MEDIPREP SALLE EX.  (PHA),O,True,,6
URGMT,1,GDH,URGENCE MEDIPREP TRAUMA  (PHA),O,True,,6
URGMTR,1,GDH,URG. MEDIPREP TRAUMA     (PHA),O,False,,0
URGMTRAUMA,1,GDH,URG. MEDIPREP TRAUMA     (PHA),O,False,,0
URGREF,1,GDH,URG REFREGIRATEUR        (PHA),O,True,,6
URGREF2,1,GDH,URGENCE REFRIG. TRAUMA   (PHA),O,True,,6
URGS3,1,GDH,URG SALLE 3 (I),O,False,,
URGS7,1,GDH,URGENCE SALLE 8          (PHA),O,True,,6
URGSO,1,GDH,URG SALLE OBS. (I),O,False,,
URGT,1,GDH,URGENCE TRAUMA           (PHA),O,True,,6
URGTC,1,GDH,URG TRAITMENT CONTINUE,O,False,,4
US,1,GDH,ULTRASON,O,True,102.714153000,3
USMK,1,SMK,UNKNOWN SMK,O,True,,9
VBAZCAMP,6,VBAZ,HOPITAL CAMPBELLTON (MEDINET),O,True,,
VBAZEDM,6,VBAZ,HOPITAL EDMONSTON (MEDINET),O,True,,
VBZ BAT,1,VBZ,HOPITAL BATHURST (MEDINET),O,True,,0
VBZ CAMP,1,VBZ,HOPITAL CAMPBELLTON (MEDINET),O,True,,0
VBZ EDM,1,VBZ,HOPITAL EDMUNDSTON (MEDINET),O,True,,0
VBZ FRED,1,VBZ,HOPITAL FREDERICTON (MEDINET),O,True,,0
VBZ MIRA,1,VBZ,HOPITAL MIRAMICHI (MEDINET),O,True,,0
VBZ MONC,1,VBZ,HOPITAL MONCTON (MEDINET),O,True,,0
VBZ STJ,1,VBZ,HOPITAL ST-JEAN (MEDINET),O,True,,0
VETS,5,CRH,VETERANS,I,False,,1
VEXT,1,GDH,VENTES EXTERIEURES (I),O,False,,6
VNWZ GLD,4,VNWZ,HOPITAL GEORGES L DUMONT,O,True,,
VON,1,GDH,VICT.ORDER NURSES,O,False,,9
VP,1,GDH,VILLA PROVIDENCE,O,False,,9
VR,1,GDH,VILLA DU REPOS,O,False,,9
VZNO GLD,4,VZNO,HOPITAL GEORGE L DUMONT,O,True,,
X3B,1,GDH,X 3B AUBERGE,O,False,,0
X3C,1,GDH,X 3C AUBERGE (ACCOMPAGNATEUR),O,False,,0
X3D,1,GDH,X 3D AUBERGE,O,False,,0
XPATH,5,CRH,C'TON XRAY PATHOLOGY (AUTOPSY),O,True,0171.4152020,
XR,1,GDH,RADIOLOGIE (I),O,False,,
XTEMP,6,BA,***TEMPORARY LOCATION,I,False,,1
XXINACTIVE,6,CA,***INACTIVE LOCATION,I,False,,1
Z.ABERDEEN,5,LAB,ABERDEEEN CLINIC,O,True,,
Z.AVCELL,5,LAB,AVCELL (ATHOLVILLE MILL),O,True,,
Z.BATHURST,5,LAB,CHALEUR REGIONAL HOSPITAL,O,True,,
Z.CHBC,5,LAB,CENTRE HOSP. BAIE DES CHALEUR,O,True,,
Z.CLINIC,5,LAB,SEX HEALTH CLINIC-DR LEVESQUE,O,True,,
Z.CLSC.CP,5,LAB,CLSC CROSS POINT,O,True,,
Z.CLSC.MAT,5,LAB,CLSC MATAPEDIA,O,True,,
Z.CORONER,5,LAB,CORONER'S OFFICE,O,True,,
Z.CWG2003,5,LAB,CANADA WINTER GAMES 2003,O,True,,
Z.DALLAB,5,LAB,SJH LABORATORY,O,False,,
Z.DDIAL,5,LAB,SJH DIALYSIS,O,False,,
Z.DIABDLIN,5,LAB,DIABETIC CLINIC,O,True,,
Z.DR.OFFIC,5,LAB,DOCTOR'S OFFICE,O,True,,
Z.EDMUND,5,LAB,EDMUNDSTON HOSPITAL,O,True,,
Z.EMH,5,LAB,EXTRA MURAL HOSPITAL,O,False,,
Z.ENV-CRH,5,LAB,ENVIRONMENTAL CULTURE - CRH,O,True,,
Z.ENV-REST,5,LAB,ENVIRONMENTAL CULTURE - REST,O,True,,
Z.ENV-SJH,5,LAB,ENVIRONMENTAL CULTURE - SJH,O,True,,
Z.FIT,5,CRH,NBCN FIT TEST PROGRAM,O,True,,
Z.GDH,5,LAB,GEORGES DUMONT HOSPITAL,O,False,,
Z.GRAND,5,LAB,HOPITAL GENERAL DE GRAND SAULT,O,True,,
Z.JAIL,5,LAB,JAIL,O,True,,
Z.JRH,5,LAB,JACQUET RIVER HEALTH CARE CENT,O,True,,
Z.LAB,5,LAB,LABORATORY,O,True,,
Z.LISTUGUJ,5,LAB,LISTUGUJ MEDICAL CENTER,O,True,,
Z.MANANT,5,LAB,MANOIR ANTOINETTE MANOR,O,True,,
Z.MH,5,LAB,MENTAL HEALTH,O,True,,
Z.MONCTON,5,LAB,MONCTON HOSPITAL,O,False,,
Z.NBECR,5,LAB,NB EAST COAST RAILWAY,O,True,,
Z.OTH.INS,5,LAB,OTHER INSURANCE,O,True,,
Z.PAV,5,LAB,PAVILLON EDMEE MARTIN,O,True,,
Z.PEM,5,LAB,PAVILLON EDMEE MARTIN,O,False,,
Z.PHARM,5,LAB,PHARMACY SOLUTIONS,O,True,,
Z.PHEALTH,5,LAB,PUBLIC HEALTH,O,True,,
Z.RHC,5,LAB,RESTIGOUCHE HOSPITAL CENTER,O,False,,
Z.RSC,5,LAB,RESTIGOUCHE SENIOR CITIZENS,O,True,,
Z.SHEALTH,5,LAB,STAFF HEALTH,O,True,,
Z.SJH.LAB,5,LAB,SJH LABORATORY,O,True,,
Z.STANNE,5,LAB,ST.ANNE-DES-MONTS CLINIC,O,True,,
Z.STQUENT,5,LAB,SAINT QUENTIN HOSPITAL,O,True,,
Z.VILLAGE,5,LAB,VILLAGE NURSING HOME,O,True,,
Z.VON,5,LAB,VON NURSING,O,True,,
Z3CH,1,GDH,Z 3C HOTELERIE,O,False,,0
ZAH,1,GDH,LAB ABERDEEN HOSPITAL    (BAR),O,True,,9
ZBAT,1,GDH,LAB HOP. BATHURST        (BAR),O,True,,9
ZCAMP,1,GDH,LAB HOP. CAMPBELLTON     (BAR),O,True,,9
ZCAR,1,GDH,LAB HOP. CARAQUET        (BAR),O,True,,9
ZCHA,1,GDH,LAB HOP. CHATHAM (I)     (BAR),O,True,,9
ZCUM,1,GDH,CUMBERLAND REG HEALTH CENTER,O,True,,9
ZD.BRUNS,5,LAB,BRUNSWICK SMELTING & MINING,O,True,,
ZD.CLINIC,5,LAB,SEX HEALTH CLINIC,O,True,,
ZD.CWG2003,5,LAB,CANADA WINTER GAMES 2003,O,False,,
ZD.DIAL,5,LAB,SJH DIALYSIS,O,True,,
ZD.DOCTOR,5,LAB,DALHOUSIE DOCTOR'S OFFICE,O,True,,
ZD.EMH,5,LAB,DALHOUSIE EXTRA MURAL HOSP.,O,False,,
ZD.JAIL,5,LAB,DALHOUSIE JAIL,O,True,,
ZD.JRH,5,LAB,DALHOUSIE JACQUET RIVER,O,True,,
ZD.RSC,5,LAB,DALHOUSIE REST. SR. CITIZENS,O,True,,
ZD.SHEALTH,5,LAB,DALHOUSIE STAFF HEALTH,O,True,,
ZD.VON,5,LAB,DALHOUSIE VON,O,True,,
ZDAL,1,GDH,LAB HOP. DALHOUSIE       (BAR),O,True,,9
ZDOR,1,GDH,Z DORCHESTER PEN.        (BAR),O,True,,9
ZEDM,1,GDH,LAB HOP. EDMUNDSTON      (BAR),O,True,,9
ZEHEALTHNL,1,GDH,LAB E-HEALTH  NL         (BAR),O,True,,9
ZFHS,1,GDH,LAB FORM HEALTH SERVICES (BAR),O,True,,9
ZFRED,1,GDH,LAB HOP. FREDERICTON     (BAR),O,True,,9
ZGSAU,1,GDH,LAB HOP. GRAND-SAULT     (BAR),O,True,,9
ZHPEI,1,GDH,HEALTH PEI-PRINCE CO.HOSP(BAR),O,True,,9
ZHV,1,GDH,LAB HIGHLAND VIEW HOSP   (BAR),O,False,,9
ZICH,1,GDH,LAB INVERNES CONSOLID HOS(BAR),O,True,,9
ZIWK,1,GDH,LAB IWK HOSPITAL         (BAR),O,True,,9
ZLALBC,1,GDH,LAB ALBERT COUNTY HOSP (I),O,False,,0
ZLAM,1,GDH,LAB HOP. LAMEQUE         (BAR),O,True,,9
ZLBAT,1,GDH,LAB HOP. BATHURST (I),O,False,,0
ZMIRA,1,GDH,LAB HOP. MIRAMICHI       (BAR),O,True,,9
ZMONC,1,GDH,LAB HOP. MONCTON         (BAR),O,True,,9
ZMONC(MIR),1,GDH,LAB HOP.MONCT (MIRAMICHI)(BAR),O,True,,9
ZNPHL,1,GDH,NEWFOUNDLAND PUBLIC HEALTH LAB,O,True,,9
ZQEII,1,GDH,LAB QUEEN ELIZABETH HOSP (BAR),O,True,,9
ZQEIIPEI,1,GDH,LAB QUEEN ELIZABETH PEI  (BAR),O,True,,9
ZS.4SAISON,5,SJH,RESIDENCE QUATRE SAISONS,O,False,,
ZS.AVCELL,5,CRH,AVCELL (ATHOLVILLE MILL),O,True,,
ZS.BATHURS,5,CRH,CHALEUR REGIONAL HOSPITAL,O,True,,
ZS.CARAQUE,5,CRH,CARAQUET HOSPITAL,O,True,,
ZS.CHBC,5,CRH,CENTRE HOSP. BAIE DES CHALEURS,O,True,,
ZS.CLINIC,5,CRH,SEX HEALTH CLINIC- DR.LEVESQUE,O,True,,
ZS.CLSC.CP,5,CRH,CLSC CROSS POINT,O,True,,
ZS.CLSC.MA,5,CRH,CLSC MATAPEDIA,O,True,,
ZS.DARL,5,CRH,MANOIR DARLINGTON MANOR,O,True,,
ZS.DR.OFFI,5,CRH,DOCTOR'S OFFICE,O,True,,
ZS.EDMUND,5,CRH,EDMUNDSTON HOSPITAL,O,True,,
ZS.GDH,5,CRH,GEORGES DUMONT HOSPITAL,O,True,,
ZS.GRAND,5,CRH,HOPITAL GENERAL DE GRAND SAULT,O,True,,
ZS.INNOMAR,5,CRH,INNOMAR CAMPBELLTON,O,True,,
ZS.JAIL,5,CRH,JAIL,O,True,,
ZS.LAMEQUE,5,CRH,LAMEQUE / CSC,O,True,,
ZS.LISTUGU,5,CRH,LISTUGUJ MEDICAL CENTRE,O,True,,
ZS.MANANT,5,CRH,MANOIR ANTOINETTE MANOR,O,True,,
ZS.MANSAG,5,CRH,MANOIR DE LA SAGESSE MANOR,O,True,,
ZS.MANVAL,5,CRH,MANOIR DE LA VALLEE MANOR,O,True,,
ZS.MASUN,5,SJH,MANOIR SUNRISE RESTIGOUCHE,O,False,,
ZS.MH,5,CRH,MENTAL HEALTH,O,True,,
ZS.OTH.INS,5,CRH,OTHER INSURANCE,O,True,,
ZS.PAV,5,CRH,PAVILLON EDMEE MARTIN,O,True,,
ZS.PHEALTH,5,CRH,PUBLIC HEALTH,O,True,,
ZS.RESTWI,5,CRH,RESTIGOUCHE WALK-IN CLINIC,O,True,,
ZS.RSC,5,CRH,RESTIGOUCHE SENIOR CITIZENS,O,True,,
ZS.SHEALTH,5,CRH,STAFF HEALTH,O,True,,
ZS.STQUENT,5,CRH,SAINT QUENTIN HOSPITAL,O,True,,
ZS.SUGA,5,CRH,MANOIR SUGARLOAF MANOR,O,True,,
ZS.TRACADI,5,CRH,TRACADIE HOSPITAL,O,True,,
ZS.VILLAGE,5,CRH,VILLAGE NURSING HOME,O,True,,
ZSACK,1,GDH,LAB HOP. SACKVILLE       (BAR),O,True,,9
ZSD.4SAISO,5,SJH,RESIDENCE QUATRE SAISONS,O,True,,
ZSD.BRUNS,5,SJH,BRUNSWICK SMELTING & MINING,O,True,,
ZSD.CLINIC,5,SJH,SEX HEALTH CLINIC,O,True,,
ZSD.DARL,5,SJH,MANOIR DARLINGTON MANOR,O,True,,
ZSD.DOCTOR,5,SJH,DALHOUSIE DOCTOR'S OFFICE,O,True,,
ZSD.JAIL,5,SJH,DALHOUSIE JAIL,O,True,,
ZSD.MASUN,5,SJH,MANOIR SUNRISE RESTIGOUCHE,O,True,,
ZSD.PHEALT,5,SJH,DALHOUSIE PUBLIC HEALTH,O,True,,
ZSD.RSC,5,SJH,DALHOUSIE REST. SR. CITIZENS,O,True,,
ZSD.SHEALT,5,SJH,DALHOUSIE STAFF HEALTH,O,True,,
ZSD.VILLA,5,CRH,VILLA RENAISSANCE,O,True,,
ZSI,1,GDH,LAB SPRINGHILL INSTITUTION,O,True,,9
ZSMH,1,GDH,LAB ST.MARTHA'S HOSPITAL (BAR),O,True,,9
ZSOLDIERS,1,GDH,LAB SOLDIERS MEMORIAL HOSPITAL,O,True,,9
ZSRH,1,GDH,LAB STRAIT RICHMOND HOSP (BAR),O,True,,9
ZST-QU,1,GDH,LAB HOP. ST-QUENTIN      (BAR),O,True,,9
ZSTJ,1,GDH,LAB HOP. ST-JEAN         (BAR),O,True,,9
ZTRA,1,GDH,LAB HOP. TRACADIE        (BAR),O,True,,9
ZTRANSCHR,6,BA,Transcription Health Record,D,True,,
ZVALLEY,1,GDH,LAB VALLEY REGIONAL HOSPITAL,O,True,,9
ZYRH,1,GDH,LAB YARMOUTH REGIONA HOS (BAR),O,True,,9
